City_ID,City,Lat,Lng,Max Temp,Humidity,Cloudiness,Wind Speed,Country,Date,Current Description
0,Shingu,33.7333,135.9833,41.65,62,22,18.43,JP,2021-02-17 04:37:12,few clouds
1,Saint George,37.1041,-113.5841,42.58,62,19,5.08,US,2021-02-17 04:37:12,few clouds
2,Bambous Virieux,-20.3428,57.7575,82.78,76,60,4.79,MU,2021-02-17 04:37:12,broken clouds
3,Mataura,-46.1927,168.8643,63.0,55,0,5.01,NZ,2021-02-17 04:37:13,clear sky
4,Mamallapuram,12.6264,80.1722,80.6,61,20,2.3,IN,2021-02-17 04:37:13,haze
5,Bontang,0.1333,117.5,84.29,68,100,1.97,ID,2021-02-17 04:34:25,overcast clouds
6,Sulangan,11.1373,123.7228,80.74,79,98,24.72,PH,2021-02-17 04:37:14,overcast clouds
7,Kirakira,-10.4544,161.9205,83.32,75,90,1.39,SB,2021-02-17 04:37:14,overcast clouds
8,Saint-Philippe,-21.3585,55.7679,82.98,61,92,2.75,RE,2021-02-17 04:37:14,overcast clouds
9,Rikitea,-23.1203,-134.9692,78.78,76,27,14.14,PF,2021-02-17 04:37:14,light rain
10,Del Rio,29.3627,-100.8968,27.59,94,100,13.22,US,2021-02-17 04:37:14,overcast clouds
11,Mungwi,-10.1732,31.3694,64.08,94,100,4.45,ZM,2021-02-17 04:37:14,overcast clouds
12,Pemangkat,1.1667,108.9667,82.24,69,65,11.86,ID,2021-02-17 04:37:15,broken clouds
13,Albany,42.6001,-73.9662,21.2,68,90,18.41,US,2021-02-17 04:37:15,light snow
14,Lavrentiya,65.5833,-171.0,-19.03,83,0,9.08,RU,2021-02-17 04:37:15,clear sky
15,Provideniya,64.3833,-173.3,-7.92,82,0,12.84,RU,2021-02-17 04:37:15,clear sky
16,Ushuaia,-54.8,-68.3,50.0,93,75,19.57,AR,2021-02-17 04:37:16,broken clouds
17,Alihe,50.5667,123.7167,8.31,82,100,7.27,CN,2021-02-17 04:37:16,overcast clouds
18,Luderitz,-26.6481,15.1594,63.18,71,0,6.06,NA,2021-02-17 04:37:16,clear sky
19,Agadez,19.75,10.25,43.39,57,0,12.59,NE,2021-02-17 04:37:16,clear sky
20,Kovur,14.4833,79.9833,83.12,47,0,9.31,IN,2021-02-17 04:37:16,clear sky
21,Albanel,48.8832,-72.4487,14.0,85,100,10.36,CA,2021-02-17 04:37:17,light snow
22,Ryotsu,38.0833,138.4333,32.0,93,90,20.71,JP,2021-02-17 04:33:18,snow
23,Dingle,10.9995,122.6711,83.84,70,97,13.06,PH,2021-02-17 04:37:17,overcast clouds
24,Hobart,-42.8794,147.3294,86.0,39,20,12.66,AU,2021-02-17 04:37:17,few clouds
25,Ust-Maya,60.4167,134.5333,-15.65,84,95,1.66,RU,2021-02-17 04:33:11,overcast clouds
26,Yellowknife,62.456,-114.3525,-17.84,87,81,5.37,CA,2021-02-17 04:36:40,broken clouds
27,Port Alfred,-33.5906,26.891,65.25,72,3,18.25,ZA,2021-02-17 04:37:18,clear sky
28,Lasa,46.6166,10.7002,37.58,72,88,6.24,IT,2021-02-17 04:37:18,light rain
29,Punta Arenas,-53.15,-70.9167,49.14,85,34,8.28,CL,2021-02-17 04:37:18,scattered clouds
30,Los Llanos De Aridane,28.6585,-17.9182,64.4,48,0,11.5,ES,2021-02-17 04:37:18,clear sky
31,Zhigansk,66.7697,123.3711,-17.9,86,100,12.77,RU,2021-02-17 04:37:18,overcast clouds
32,Ndele,8.4109,20.6473,67.01,24,86,6.08,CF,2021-02-17 04:37:18,overcast clouds
33,Cape Town,-33.9258,18.4232,63.0,88,0,2.3,ZA,2021-02-17 04:35:04,clear sky
34,Esperance,-33.8667,121.9,95.0,36,40,13.8,AU,2021-02-17 04:37:19,scattered clouds
35,Murgab,37.4966,61.9714,63.36,26,0,6.64,TM,2021-02-17 04:37:19,clear sky
36,Lala,7.9745,123.7458,87.37,59,100,9.17,PH,2021-02-17 04:37:19,overcast clouds
37,Khatanga,71.9667,102.5,-18.94,83,100,9.82,RU,2021-02-17 04:37:19,overcast clouds
38,Kavieng,-2.5744,150.7967,84.52,69,47,11.34,PG,2021-02-17 04:37:19,scattered clouds
39,Ilulissat,69.2167,-51.1,6.8,56,90,4.61,GL,2021-02-17 04:37:20,light snow
40,Morlaix,48.5833,-4.0,49.23,88,71,20.2,FR,2021-02-17 04:37:20,broken clouds
41,Iranshahr,27.2025,60.6848,60.8,21,0,9.22,IR,2021-02-17 04:37:20,clear sky
42,Vestmannaeyjar,63.4427,-20.2734,40.53,75,100,21.5,IS,2021-02-17 04:37:20,overcast clouds
43,Axim,4.8699,-2.2405,79.61,86,100,7.45,GH,2021-02-17 04:37:21,overcast clouds
44,Butaritari,3.0707,172.7902,81.55,81,13,18.03,KI,2021-02-17 04:37:21,light rain
45,Busselton,-33.65,115.3333,75.43,55,0,13.94,AU,2021-02-17 04:37:21,clear sky
46,Torbay,47.6666,-52.7314,28.0,93,90,21.85,CA,2021-02-17 04:37:21,snow
47,Riyadh,24.6877,46.7219,69.01,23,0,18.41,SA,2021-02-17 04:37:21,clear sky
48,Leningradskiy,69.3833,178.4167,-20.85,86,54,4.27,RU,2021-02-17 04:37:22,broken clouds
49,Strathmore,51.0501,-113.3852,14.0,92,100,9.22,CA,2021-02-17 04:37:22,light snow
50,Atuona,-9.8,-139.0333,79.12,78,4,14.18,PF,2021-02-17 04:37:22,clear sky
51,Iowa City,41.6611,-91.5302,-5.01,84,1,1.14,US,2021-02-17 04:37:22,clear sky
52,Goderich,43.7501,-81.7165,19.4,68,100,14.97,CA,2021-02-17 04:37:22,overcast clouds
53,Ambilobe,-13.2,49.05,81.9,83,17,1.57,MG,2021-02-17 04:37:23,few clouds
54,Wilhelmsburg,48.1057,15.6054,38.64,89,100,7.96,AT,2021-02-17 04:37:23,overcast clouds
55,Eyl,7.9803,49.8164,76.46,69,57,13.09,SO,2021-02-17 04:37:23,broken clouds
56,Hilo,19.7297,-155.09,73.56,70,24,5.7,US,2021-02-17 04:37:20,few clouds
57,Mahebourg,-20.4081,57.7,80.6,94,40,3.65,MU,2021-02-17 04:37:23,scattered clouds
58,Jumla,29.2747,82.1838,52.18,37,0,2.13,NP,2021-02-17 04:37:23,clear sky
59,Salta,-24.7859,-65.4117,61.75,88,64,1.01,AR,2021-02-17 04:37:24,broken clouds
60,Walvis Bay,-22.9575,14.5053,61.0,90,0,1.99,NA,2021-02-17 04:37:24,clear sky
61,Moerai,-22.4333,-151.3333,79.59,77,91,14.12,PF,2021-02-17 04:37:24,moderate rain
62,Saldanha,-33.0117,17.9442,57.2,77,0,1.14,ZA,2021-02-17 04:37:24,clear sky
63,Oistins,13.0667,-59.5333,78.8,61,40,20.71,BB,2021-02-17 04:37:24,scattered clouds
64,Upernavik,72.7868,-56.1549,-5.13,90,97,1.92,GL,2021-02-17 04:37:25,overcast clouds
65,Arraial Do Cabo,-22.9661,-42.0278,75.15,86,0,4.97,BR,2021-02-17 04:37:25,clear sky
66,Faya,18.3851,42.4509,64.4,25,0,4.88,SA,2021-02-17 04:37:25,clear sky
67,Vedelago,45.6872,12.0164,35.01,93,40,2.3,IT,2021-02-17 04:37:25,scattered clouds
68,Touros,-5.1989,-35.4608,78.8,83,20,4.61,BR,2021-02-17 04:37:25,few clouds
69,Fairview,40.8126,-73.999,25.2,89,19,13.4,US,2021-02-17 04:37:25,few clouds
70,Finschhafen,-6.6024,147.8681,84.2,74,100,5.88,PG,2021-02-17 04:37:26,overcast clouds
71,Hukuntsi,-24.0,21.75,71.28,46,75,1.48,BW,2021-02-17 04:37:26,broken clouds
72,Cherskiy,68.75,161.3,-24.39,87,0,2.17,RU,2021-02-17 04:37:26,clear sky
73,Carnot,4.9409,15.8665,63.63,26,85,1.16,CF,2021-02-17 04:37:26,overcast clouds
74,College,64.8569,-147.8028,10.99,78,90,2.57,US,2021-02-17 04:36:53,light snow
75,Vila Franca Do Campo,37.7167,-25.4333,55.81,77,85,15.01,PT,2021-02-17 04:37:27,overcast clouds
76,Hithadhoo,-0.6,73.0833,81.75,70,99,1.83,MV,2021-02-17 04:37:27,overcast clouds
77,Alugan,12.2188,125.4808,78.89,85,84,9.13,PH,2021-02-17 04:37:27,broken clouds
78,Harper,4.375,-7.7169,77.32,86,100,2.37,LR,2021-02-17 04:37:27,light rain
79,Barrow,71.2906,-156.7887,-20.56,88,92,6.17,US,2021-02-17 04:37:27,overcast clouds
80,Rudbar,30.15,62.6,67.86,19,0,2.46,AF,2021-02-17 04:37:28,clear sky
81,Vaini,-21.2,-175.2,86.0,70,20,5.75,TO,2021-02-17 04:37:28,few clouds
82,Qaanaaq,77.484,-69.3632,-8.07,86,95,5.77,GL,2021-02-17 04:37:28,overcast clouds
83,Sangueya,10.7,-14.3667,66.2,90,30,1.57,GN,2021-02-17 04:37:28,scattered clouds
84,Gondanglegi,-7.7479,112.0132,88.0,67,52,2.01,ID,2021-02-17 04:37:28,broken clouds
85,Gboko,7.3179,8.9951,74.64,17,61,10.4,NG,2021-02-17 04:37:29,broken clouds
86,Victoria,22.2855,114.1577,72.0,59,0,3.0,HK,2021-02-17 04:35:58,clear sky
87,Vestmanna,62.1564,-7.1664,44.6,100,90,13.8,FO,2021-02-17 04:37:29,overcast clouds
88,Abnub,27.2696,31.1511,44.6,65,0,13.8,EG,2021-02-17 04:37:29,clear sky
89,Dikson,73.5069,80.5464,-17.88,88,100,11.68,RU,2021-02-17 04:37:29,overcast clouds
90,Nanortalik,60.1432,-45.2371,14.02,85,17,11.74,GL,2021-02-17 04:37:30,few clouds
91,Castro,-24.7911,-50.0119,61.23,91,88,4.61,BR,2021-02-17 04:37:30,overcast clouds
92,Toora-Khem,52.4675,96.11,27.57,92,78,1.77,RU,2021-02-17 04:37:30,broken clouds
93,Lyaskelya,61.7667,31.0167,-14.19,86,0,5.88,RU,2021-02-17 04:37:30,clear sky
94,Praya,14.9215,-23.5087,68.0,73,20,6.91,CV,2021-02-17 04:37:30,few clouds
95,Laurel,39.0993,-76.8483,28.99,59,1,9.22,US,2021-02-17 04:33:28,clear sky
96,Vao,-22.6667,167.4833,82.33,77,3,7.54,NC,2021-02-17 04:37:31,clear sky
97,Port Elizabeth,-33.918,25.5701,63.59,75,0,13.91,ZA,2021-02-17 04:35:38,clear sky
98,Lufilufi,-13.8745,-171.5986,89.6,70,40,8.05,WS,2021-02-17 04:37:31,light rain
99,Sur,22.5667,59.5289,78.37,37,0,4.41,OM,2021-02-17 04:37:31,clear sky
100,Kodiak,57.79,-152.4072,35.6,80,90,14.97,US,2021-02-17 04:37:31,moderate rain
101,Chokurdakh,70.6333,147.9167,-12.55,90,99,3.33,RU,2021-02-17 04:37:31,overcast clouds
102,Bethel,41.3712,-73.414,39.2,55,75,10.36,US,2021-02-17 04:37:32,broken clouds
103,Gazojak,41.1875,61.4036,59.16,34,0,13.53,TM,2021-02-17 04:37:32,clear sky
104,Puerto Ayora,-0.7393,-90.3518,78.01,92,76,3.0,EC,2021-02-17 04:37:32,light rain
105,Hermanus,-34.4187,19.2345,64.0,79,23,5.99,ZA,2021-02-17 04:37:32,few clouds
106,San-Pedro,4.7485,-6.6363,76.84,90,92,3.76,CI,2021-02-17 04:37:32,light rain
107,Tura,25.5198,90.2201,80.49,23,16,3.87,IN,2021-02-17 04:37:32,few clouds
108,Bandarbeyla,9.4942,50.8122,76.62,65,9,11.48,SO,2021-02-17 04:37:33,clear sky
109,Yanam,16.7333,82.2167,77.0,69,2,4.61,IN,2021-02-17 04:37:18,haze
110,Vila,42.0304,-8.1588,50.0,100,75,6.91,PT,2021-02-17 04:37:33,broken clouds
111,Rocha,-34.4833,-54.3333,62.85,95,63,2.57,UY,2021-02-17 04:37:33,broken clouds
112,Fort Walton Beach,30.4058,-86.6188,37.36,72,0,9.75,US,2021-02-17 04:36:42,clear sky
113,Mokolo,10.7398,13.8019,57.72,35,1,7.49,CM,2021-02-17 04:37:34,clear sky
114,Nabire,-3.3667,135.4833,90.91,51,78,2.55,ID,2021-02-17 04:37:34,broken clouds
115,Kruisfontein,-34.0033,24.7314,55.99,93,0,6.6,ZA,2021-02-17 04:37:34,clear sky
116,Kapaa,22.0752,-159.319,73.4,94,90,3.44,US,2021-02-17 04:37:34,light rain
117,Talnakh,69.4865,88.3972,-14.75,87,100,1.9,RU,2021-02-17 04:33:10,overcast clouds
118,Manokwari,-0.8667,134.0833,82.65,73,74,5.21,ID,2021-02-17 04:37:34,broken clouds
119,Daru,-9.0763,143.2092,77.25,88,100,11.7,PG,2021-02-17 04:34:11,overcast clouds
120,Carnarvon,-24.8667,113.6333,84.2,79,6,16.11,AU,2021-02-17 04:37:35,clear sky
121,Bredasdorp,-34.5322,20.0403,55.4,94,21,5.75,ZA,2021-02-17 04:37:35,few clouds
122,Lorengau,-2.0226,147.2712,85.19,66,60,9.01,PG,2021-02-17 04:37:35,broken clouds
123,Pevek,69.7008,170.3133,-24.16,88,13,3.22,RU,2021-02-17 04:37:35,few clouds
124,Taoudenni,22.6783,-3.9836,64.0,26,94,19.39,ML,2021-02-17 04:37:35,overcast clouds
125,Ziarat,30.3823,67.7282,47.53,32,0,2.62,PK,2021-02-17 04:36:55,clear sky
126,Arlit,18.7369,7.3853,55.09,38,0,9.37,NE,2021-02-17 04:37:36,clear sky
127,Kaeo,-35.1,173.7833,70.48,63,29,12.46,NZ,2021-02-17 04:37:36,scattered clouds
128,Thompson,55.7435,-97.8558,-9.4,84,1,4.27,CA,2021-02-17 04:37:36,clear sky
129,Saskylakh,71.9167,114.0833,-20.97,84,100,14.85,RU,2021-02-17 04:37:36,overcast clouds
130,Cidreira,-30.1811,-50.2056,69.19,85,0,9.28,BR,2021-02-17 04:37:37,clear sky
131,Lebu,-37.6167,-73.65,53.33,86,1,9.64,CL,2021-02-17 04:37:37,clear sky
132,Te Anau,-45.4167,167.7167,68.14,35,0,2.28,NZ,2021-02-17 04:37:37,clear sky
133,Baoding,38.8511,115.4903,34.61,49,0,4.12,CN,2021-02-17 04:37:37,clear sky
134,Chuy,-33.6971,-53.4616,63.99,95,3,7.61,UY,2021-02-17 04:37:37,clear sky
135,Ancud,-41.8697,-73.8203,53.01,87,75,3.31,CL,2021-02-17 04:37:38,broken clouds
136,Cangzhou,38.3167,116.8667,33.06,50,0,11.39,CN,2021-02-17 04:35:25,clear sky
137,Xichang,27.8964,102.2634,47.34,72,100,3.85,CN,2021-02-17 04:37:38,overcast clouds
138,Jamestown,42.097,-79.2353,14.0,85,90,9.22,US,2021-02-17 04:37:38,light snow
139,Ahipara,-35.1667,173.1667,71.24,67,40,6.2,NZ,2021-02-17 04:37:39,scattered clouds
140,Grindavik,63.8424,-22.4338,40.41,77,100,18.16,IS,2021-02-17 04:37:39,overcast clouds
141,Matadi,-5.8167,13.45,77.16,87,100,3.18,CD,2021-02-17 04:37:39,light rain
142,Monrovia,6.3005,-10.7969,78.89,86,98,7.11,LR,2021-02-17 04:37:39,moderate rain
143,Bac Lieu,9.285,105.7244,81.82,58,21,19.06,VN,2021-02-17 04:37:39,few clouds
144,Aktas,49.7789,72.9608,23.34,98,100,8.25,KZ,2021-02-17 04:37:39,overcast clouds
145,Fallon,39.4735,-118.7774,37.4,52,75,8.05,US,2021-02-17 04:37:40,broken clouds
146,Port Hardy,50.6996,-127.4199,42.8,81,40,9.22,CA,2021-02-17 04:37:40,scattered clouds
147,Matagami,49.7502,-77.6328,-16.01,89,83,5.57,CA,2021-02-17 04:37:40,broken clouds
148,Baykit,61.67,96.37,0.63,87,94,1.14,RU,2021-02-17 04:37:40,overcast clouds
149,Amahai,-3.3333,128.9167,88.25,61,11,6.85,ID,2021-02-17 04:37:41,few clouds
150,New Norfolk,-42.7826,147.0587,83.79,26,0,5.55,AU,2021-02-17 04:37:41,clear sky
151,Pachino,36.7186,15.0907,44.74,60,0,7.31,IT,2021-02-17 04:37:41,clear sky
152,Vung Tau,10.346,107.0843,79.74,61,3,19.26,VN,2021-02-17 04:37:41,clear sky
153,East London,-33.0153,27.9116,62.6,77,0,3.44,ZA,2021-02-17 04:37:41,clear sky
154,Payakumbuh,-0.2202,100.6308,81.95,64,76,3.49,ID,2021-02-17 04:37:41,broken clouds
155,Ponta Do Sol,32.6667,-17.1,63.0,25,100,7.0,PT,2021-02-17 04:37:41,overcast clouds
156,Puerto Quijarro,-17.7833,-57.7667,74.21,97,100,1.59,BO,2021-02-17 04:37:42,heavy intensity rain
157,Katsuura,35.1333,140.3,48.15,51,12,38.68,JP,2021-02-17 04:37:42,few clouds
158,The Valley,18.217,-63.0578,77.56,78,22,21.83,AI,2021-02-17 04:37:42,few clouds
159,Copiapo,-27.3667,-70.3333,58.84,72,0,0.4,CL,2021-02-17 04:37:42,clear sky
160,Peniche,39.3558,-9.3811,55.99,92,95,11.41,PT,2021-02-17 04:37:42,overcast clouds
161,Conceicao Do Araguaia,-8.2578,-49.2647,72.99,95,94,2.53,BR,2021-02-17 04:37:42,moderate rain
162,Bure,10.7,37.0667,61.84,62,97,4.74,ET,2021-02-17 04:37:43,overcast clouds
163,Alvorada,-12.48,-49.1247,71.91,97,100,1.28,BR,2021-02-17 04:37:43,overcast clouds
164,Ixtapa,20.7,-105.2,60.66,82,57,2.08,MX,2021-02-17 04:37:43,broken clouds
165,Bluff,-46.6,168.3333,63.0,55,1,5.01,NZ,2021-02-17 04:37:43,clear sky
166,Mar Del Plata,-38.0023,-57.5575,66.2,94,90,3.44,AR,2021-02-17 04:37:43,overcast clouds
167,Skelleftea,64.7507,20.9528,-5.01,77,20,8.05,SE,2021-02-17 04:37:43,few clouds
168,Poum,-20.2333,164.0167,82.36,79,56,9.42,NC,2021-02-17 04:37:44,broken clouds
169,Roebourne,-20.7833,117.1333,90.63,51,73,12.35,AU,2021-02-17 04:37:44,broken clouds
170,Merrill,45.1805,-89.6835,-3.28,90,54,2.17,US,2021-02-17 04:37:44,broken clouds
171,Dalby,-27.1833,151.2667,86.0,32,0,17.27,AU,2021-02-17 04:37:44,light rain
172,Severo-Kurilsk,50.6789,156.125,30.63,90,43,17.92,RU,2021-02-17 04:37:44,scattered clouds
173,Muros,42.7762,-9.0603,50.0,89,35,7.0,ES,2021-02-17 04:37:45,scattered clouds
174,Mayor Pablo Lagerenza,-19.9309,-60.7718,72.19,96,75,4.16,PY,2021-02-17 04:37:45,broken clouds
175,Port Hueneme,34.1478,-119.1951,57.99,58,40,6.91,US,2021-02-17 04:33:08,haze
176,Caceres,39.522,-6.3748,48.99,91,99,1.01,ES,2021-02-17 04:34:24,overcast clouds
177,Paamiut,61.994,-49.6678,9.9,84,1,17.69,GL,2021-02-17 04:37:45,clear sky
178,Faanui,-16.4833,-151.75,82.53,65,0,6.71,PF,2021-02-17 04:37:46,clear sky
179,Jinchang,38.4953,102.1739,42.94,47,92,4.25,CN,2021-02-17 04:37:46,overcast clouds
180,Goundam,16.4145,-3.6708,74.61,19,29,7.54,ML,2021-02-17 04:37:46,scattered clouds
181,Ribeira Grande,38.5167,-28.7,59.34,71,80,22.57,PT,2021-02-17 04:37:46,broken clouds
182,Sao Filipe,14.8961,-24.4956,71.31,72,78,6.33,CV,2021-02-17 04:37:46,broken clouds
183,Bafra,41.5678,35.9069,30.2,94,100,13.53,TR,2021-02-17 04:37:46,light snow
184,Cabra,37.4725,-4.4421,41.0,100,92,2.95,ES,2021-02-17 04:37:47,mist
185,Souillac,-20.5167,57.5167,80.6,94,40,3.78,MU,2021-02-17 04:37:47,scattered clouds
186,Clyde River,70.4692,-68.5914,-24.34,77,5,1.74,CA,2021-02-17 04:37:47,clear sky
187,Nsanje,-16.92,35.262,74.07,94,100,1.01,MW,2021-02-17 04:37:47,overcast clouds
188,Hasaki,35.7333,140.8333,55.0,32,40,13.8,JP,2021-02-17 04:37:47,scattered clouds
189,Mareeba,-17.0,145.4333,87.01,78,90,11.5,AU,2021-02-17 04:37:48,overcast clouds
190,Flin Flon,54.7682,-101.865,-7.76,91,50,3.29,CA,2021-02-17 04:37:48,scattered clouds
191,Dryden,49.7833,-92.7503,-4.0,54,1,5.75,CA,2021-02-17 04:37:48,clear sky
192,Brigg,53.552,-0.4921,42.46,92,52,14.27,GB,2021-02-17 04:37:48,broken clouds
193,Pisco,-13.7,-76.2167,71.6,78,0,4.61,PE,2021-02-17 04:34:28,clear sky
194,Fortuna,40.5982,-124.1573,48.0,93,75,9.22,US,2021-02-17 04:37:48,broken clouds
195,Palmerston,-12.486,130.9833,89.01,79,75,10.36,AU,2021-02-17 04:37:49,moderate rain
196,Sobolevo,54.4299,31.8996,11.71,96,100,5.57,RU,2021-02-17 04:37:49,snow
197,Shenjiamen,29.9576,122.298,42.15,66,1,17.45,CN,2021-02-17 04:37:49,clear sky
198,Ulaangom,49.9811,92.0667,1.54,91,40,2.75,MN,2021-02-17 04:37:49,scattered clouds
199,Sao Sepe,-30.1606,-53.5653,61.29,80,0,4.18,BR,2021-02-17 04:37:49,clear sky
200,Martapura,-3.4167,114.85,87.8,66,40,6.91,ID,2021-02-17 04:37:50,scattered clouds
201,Ajdabiya,30.7554,20.2263,50.77,68,59,11.36,LY,2021-02-17 04:37:50,broken clouds
202,Cayenne,4.9333,-52.3333,75.18,79,19,10.94,GF,2021-02-17 04:37:50,few clouds
203,Smidovich,48.6,133.8167,18.66,96,100,11.25,RU,2021-02-17 04:37:50,light snow
204,Marrakesh,31.6315,-8.0083,51.8,82,0,1.14,MA,2021-02-17 04:33:01,clear sky
205,Whitehorse,60.7161,-135.0538,0.0,71,75,14.97,CA,2021-02-17 04:33:00,broken clouds
206,Isangel,-19.55,169.2667,87.8,79,75,5.75,VU,2021-02-17 04:37:51,broken clouds
207,Tuktoyaktuk,69.4541,-133.0374,-18.26,88,99,6.96,CA,2021-02-17 04:37:51,overcast clouds
208,Havoysund,70.9963,24.6622,21.2,79,20,18.41,NO,2021-02-17 04:37:51,few clouds
209,Mao,39.8885,4.2658,42.8,93,0,2.3,ES,2021-02-17 04:36:20,clear sky
210,Potam,27.6,-110.3833,57.88,74,13,5.73,MX,2021-02-17 04:37:51,few clouds
211,Anjozorobe,-18.4,47.8667,67.51,86,83,5.48,MG,2021-02-17 04:37:52,broken clouds
212,Kahului,20.8947,-156.47,77.0,69,40,14.97,US,2021-02-17 04:37:52,scattered clouds
213,Coahuayana,18.7333,-103.6833,62.56,86,12,3.51,MX,2021-02-17 04:37:52,few clouds
214,Telimele,10.9167,-13.3333,60.89,92,19,1.25,GN,2021-02-17 04:37:52,few clouds
215,Druzhba,52.0428,33.9453,2.14,94,100,10.54,UA,2021-02-17 04:37:52,overcast clouds
216,Kemijarvi,66.7131,27.4306,-4.5,88,33,4.14,FI,2021-02-17 04:37:53,scattered clouds
217,Aswan,24.0934,32.907,49.14,51,100,14.29,EG,2021-02-17 04:37:53,overcast clouds
218,Tarbes,43.25,0.1667,41.0,93,0,3.44,FR,2021-02-17 04:37:53,clear sky
219,Margate,51.3813,1.3862,48.0,82,94,4.0,GB,2021-02-17 04:37:53,overcast clouds
220,Huilong,31.8111,121.655,40.48,65,0,18.72,CN,2021-02-17 04:37:54,clear sky
221,Bestobe,52.4994,73.0975,1.49,90,100,7.07,KZ,2021-02-17 04:37:54,overcast clouds
222,Merauke,-8.4667,140.3333,84.56,72,100,9.33,ID,2021-02-17 04:37:54,overcast clouds
223,Bubaque,11.2833,-15.8333,77.16,65,79,10.85,GW,2021-02-17 04:37:54,broken clouds
224,Kolochava,48.4285,23.6959,17.35,94,99,3.36,UA,2021-02-17 04:37:54,overcast clouds
225,Waipawa,-41.4122,175.5153,64.0,55,44,18.41,NZ,2021-02-17 04:37:54,scattered clouds
226,Girne,35.3417,33.3167,39.2,87,40,8.05,CY,2021-02-17 04:37:55,scattered clouds
227,Cabo San Lucas,22.8909,-109.9124,64.4,52,1,5.75,MX,2021-02-17 04:35:30,clear sky
228,Jaciara,-15.9653,-54.9683,71.4,92,99,1.52,BR,2021-02-17 04:33:06,overcast clouds
229,Chapais,49.7834,-74.8492,-0.4,85,90,10.36,CA,2021-02-17 04:37:55,light snow
230,Constitucion,-35.3333,-72.4167,53.82,85,60,6.87,CL,2021-02-17 04:37:56,broken clouds
231,Algiers,36.7525,3.042,37.4,93,20,3.49,DZ,2021-02-17 04:37:24,few clouds
232,Itarema,-2.9248,-39.9167,72.66,95,100,4.29,BR,2021-02-17 04:37:56,light rain
233,Ahuimanu,21.4447,-157.8378,78.8,69,75,5.75,US,2021-02-17 04:37:56,broken clouds
234,Dwarka,22.2394,68.9678,76.57,54,0,8.68,IN,2021-02-17 04:37:56,clear sky
235,Liwale,-9.7667,37.9333,71.71,89,100,6.53,TZ,2021-02-17 04:37:57,overcast clouds
236,Beloha,-25.1667,45.05,80.42,66,48,16.53,MG,2021-02-17 04:37:57,scattered clouds
237,Bayan,46.0833,127.4,9.93,92,100,16.35,CN,2021-02-17 04:37:57,overcast clouds
238,Coquimbo,-29.9533,-71.3436,60.8,82,0,2.3,CL,2021-02-17 04:37:57,clear sky
239,Avarua,-21.2078,-159.775,84.2,74,30,5.75,CK,2021-02-17 04:37:58,light rain
240,Klaeng,12.7797,101.6483,93.99,49,50,7.96,TH,2021-02-17 04:37:58,scattered clouds
241,Dorado,18.4588,-66.2677,73.99,82,11,7.18,PR,2021-02-17 04:37:58,few clouds
242,Aksarayskiy,46.7924,48.0119,10.4,79,75,15.66,RU,2021-02-17 04:37:58,broken clouds
243,Norman Wells,65.282,-126.8329,-7.6,71,75,1.9,CA,2021-02-17 04:37:58,light snow
244,Makat,47.6469,53.3463,17.78,97,100,20.62,KZ,2021-02-17 04:37:58,snow
245,Darhan,49.4867,105.9228,16.36,91,0,9.26,MN,2021-02-17 04:37:59,clear sky
246,Wagar,16.1525,36.2032,74.41,20,61,15.32,SD,2021-02-17 04:37:59,broken clouds
247,Lerum,57.7745,12.2697,28.72,97,100,10.18,SE,2021-02-17 04:37:59,light snow
248,Daoukro,7.0591,-3.9631,72.07,90,100,6.76,CI,2021-02-17 04:37:59,overcast clouds
249,Porto Da Folha,-9.9172,-37.2783,78.35,75,100,7.38,BR,2021-02-17 04:37:59,overcast clouds
250,Micheweni,-4.9667,39.8333,80.73,72,98,12.12,TZ,2021-02-17 04:37:59,overcast clouds
251,Nampula,-15.1165,39.2666,78.8,73,75,13.8,MZ,2021-02-17 04:38:00,broken clouds
252,Bilma,18.6853,12.9164,46.38,49,0,11.36,NE,2021-02-17 04:38:00,clear sky
253,Klaksvik,62.2266,-6.589,45.45,82,99,40.02,FO,2021-02-17 04:38:00,overcast clouds
254,Vila Velha,-20.3297,-40.2925,77.0,88,75,6.91,BR,2021-02-17 04:38:00,broken clouds
255,Mildura,-34.2,142.15,94.66,20,37,9.86,AU,2021-02-17 04:38:00,scattered clouds
256,Lompoc,34.6391,-120.4579,51.8,82,1,5.75,US,2021-02-17 04:38:00,clear sky
257,Labuhan,-6.8844,112.2051,85.44,73,86,7.74,ID,2021-02-17 04:38:01,overcast clouds
258,Launceston,-41.45,147.1667,75.99,41,5,8.05,AU,2021-02-17 04:33:45,clear sky
259,Bilibino,68.0546,166.4372,-11.25,79,0,3.15,RU,2021-02-17 04:38:01,clear sky
260,Tiksi,71.6872,128.8694,-21.51,81,73,1.83,RU,2021-02-17 04:38:01,broken clouds
261,Georgetown,5.4112,100.3354,84.16,63,2,1.92,MY,2021-02-17 04:38:01,clear sky
262,Stryn,61.9045,6.7226,26.13,85,100,9.42,NO,2021-02-17 04:38:02,overcast clouds
263,Saint-Pierre,-21.3393,55.4781,80.6,69,0,3.44,RE,2021-02-17 04:38:02,clear sky
264,At-Bashi,41.1702,75.8106,24.66,76,0,0.89,KG,2021-02-17 04:38:02,clear sky
265,Saint-Augustin,51.226,-58.6502,9.63,94,100,10.02,CA,2021-02-17 04:38:02,overcast clouds
266,Sergach,55.5308,45.4661,-8.0,89,95,9.1,RU,2021-02-17 04:38:02,overcast clouds
267,Shentala,54.45,51.4833,-16.17,89,0,2.98,RU,2021-02-17 04:38:03,clear sky
268,Berlevag,70.8578,29.0864,19.4,79,0,20.71,NO,2021-02-17 04:38:03,clear sky
269,Willmar,45.1219,-95.0433,-2.2,71,1,3.44,US,2021-02-17 04:38:03,clear sky
270,Leh,34.1667,77.5833,12.99,61,0,1.7,IN,2021-02-17 04:38:03,clear sky
271,Bahia Honda,22.9036,-83.1592,73.06,91,19,9.19,CU,2021-02-17 04:38:03,few clouds
272,Nola,40.922,14.5329,44.6,70,75,1.14,IT,2021-02-17 04:38:04,broken clouds
273,Nome,64.5011,-165.4064,6.8,56,1,18.41,US,2021-02-17 04:38:04,clear sky
274,Vulcan,45.3833,23.2667,21.6,83,64,1.39,RO,2021-02-17 04:38:04,broken clouds
275,Nebug,44.1714,39.0036,23.63,92,100,20.89,RU,2021-02-17 04:38:04,snow
276,Lagunas,-5.2269,-75.6753,73.63,91,100,1.66,PE,2021-02-17 04:38:04,overcast clouds
277,Shediac,46.2198,-64.5411,28.99,100,90,5.75,CA,2021-02-17 04:38:04,moderate rain
278,Matongo,-2.3833,34.0833,65.8,83,100,4.0,TZ,2021-02-17 04:38:05,overcast clouds
279,Khasan,42.4308,130.6434,11.64,87,100,30.76,RU,2021-02-17 04:38:05,overcast clouds
280,Iqaluit,63.7506,-68.5145,-19.03,82,0,4.74,CA,2021-02-17 04:38:05,clear sky
281,Abu Dhabi,24.4667,54.3667,64.4,94,75,4.61,AE,2021-02-17 04:36:01,fog
282,Ishigaki,24.3448,124.1572,62.51,82,99,27.69,JP,2021-02-17 04:38:06,overcast clouds
283,Sechura,-5.5569,-80.8222,76.17,71,53,11.3,PE,2021-02-17 04:38:06,broken clouds
284,Morehead,37.2711,-87.1764,6.01,78,1,2.44,US,2021-02-17 04:38:06,clear sky
285,Asyut,27.181,31.1837,44.6,65,0,13.8,EG,2021-02-17 04:38:06,clear sky
286,Padang,-0.9492,100.3543,86.0,62,20,5.75,ID,2021-02-17 04:38:06,few clouds
287,Acarau,-2.8856,-40.12,73.06,93,100,5.01,BR,2021-02-17 04:38:06,overcast clouds
288,Narsaq,60.9167,-46.05,15.8,57,90,4.61,GL,2021-02-17 04:38:07,overcast clouds
289,Nikolskoye,59.7035,30.7861,8.6,78,75,8.95,RU,2021-02-17 04:38:07,light snow
290,Mahibadhoo,3.7833,72.9667,81.7,77,97,14.34,MV,2021-02-17 04:38:07,overcast clouds
291,Pekan,3.4836,103.3996,84.2,65,20,6.91,MY,2021-02-17 04:38:07,few clouds
292,Xining,36.6167,101.7667,34.41,67,100,4.03,CN,2021-02-17 04:38:07,overcast clouds
293,Tefe,-3.3542,-64.7114,76.12,83,98,2.08,BR,2021-02-17 04:38:08,overcast clouds
294,Komsomolskiy,40.4272,71.7189,51.84,40,0,1.16,UZ,2021-02-17 04:38:08,clear sky
295,Samarai,-10.6167,150.6667,81.63,80,100,11.83,PG,2021-02-17 04:38:08,overcast clouds
296,Biltine,14.5333,20.9167,55.74,43,0,16.26,TD,2021-02-17 04:38:08,clear sky
297,Mirnyy,62.5353,113.9611,-14.17,87,57,7.99,RU,2021-02-17 04:38:08,broken clouds
298,Rincon,32.296,-81.2354,42.8,70,1,4.61,US,2021-02-17 04:38:09,clear sky
299,Tateyama,34.9833,139.8667,57.2,43,40,18.41,JP,2021-02-17 04:38:09,scattered clouds
300,Matay,28.419,30.7792,40.51,70,0,10.11,EG,2021-02-17 04:38:09,clear sky
301,Latung,5.5,120.8833,82.51,81,43,18.28,PH,2021-02-17 04:38:09,scattered clouds
302,Murakeresztur,46.3642,16.8818,30.99,74,100,3.44,HU,2021-02-17 04:38:09,overcast clouds
303,Fereydun Kenar,36.6864,52.5225,48.2,100,90,4.61,IR,2021-02-17 04:38:09,mist
304,Kalmunai,7.4167,81.8167,81.23,68,1,8.01,LK,2021-02-17 04:38:10,clear sky
305,Pithoragarh,29.5833,80.2167,62.37,26,0,1.07,IN,2021-02-17 04:38:10,clear sky
306,Odweyne,9.4092,45.064,64.54,68,80,4.85,SO,2021-02-17 04:38:10,broken clouds
307,San Patricio,28.017,-97.5169,37.4,86,90,17.27,US,2021-02-17 04:38:10,overcast clouds
308,Keflavik,64.0049,-22.5624,35.6,93,90,14.97,IS,2021-02-17 04:38:10,overcast clouds
309,Shima,24.4478,117.8111,68.0,56,20,13.42,CN,2021-02-17 04:38:10,few clouds
310,Kayunga,0.7025,32.8886,68.56,89,100,1.72,UG,2021-02-17 04:38:11,overcast clouds
311,Panalingaan,8.7842,117.4231,84.54,67,11,11.25,PH,2021-02-17 04:38:11,few clouds
312,Grand Gaube,-20.0064,57.6608,86.0,74,100,1.99,MU,2021-02-17 04:38:11,overcast clouds
313,Sioux Lookout,50.1001,-91.917,-9.02,90,0,4.94,CA,2021-02-17 04:38:11,clear sky
314,Husavik,66.0449,-17.3389,35.6,87,90,6.91,IS,2021-02-17 04:38:11,overcast clouds
315,Meadow Lake,34.8014,-106.5436,33.8,60,75,8.05,US,2021-02-17 04:38:11,broken clouds
316,Riobamba,-1.6667,-78.6333,51.78,74,100,2.86,EC,2021-02-17 04:38:12,overcast clouds
317,Tessalit,20.1986,1.0114,63.41,29,67,31.52,ML,2021-02-17 04:34:57,broken clouds
318,Bengkulu,-3.8004,102.2655,86.43,61,98,5.77,ID,2021-02-17 04:34:30,overcast clouds
319,Namatanai,-3.6667,152.4333,82.44,78,36,9.28,PG,2021-02-17 04:38:12,moderate rain
320,Basco,20.4487,121.9702,73.31,70,35,17.6,PH,2021-02-17 04:38:12,scattered clouds
321,Scarborough,54.2797,-0.4044,41.29,91,38,17.27,GB,2021-02-17 04:36:27,scattered clouds
322,Dungarpur,23.8333,73.7167,80.38,18,0,11.77,IN,2021-02-17 04:35:47,clear sky
323,Kenora,49.8167,-94.4337,-4.0,50,1,5.75,CA,2021-02-17 04:37:51,clear sky
324,Ploemeur,47.7333,-3.4333,51.8,87,90,14.97,FR,2021-02-17 04:38:13,overcast clouds
325,Dong Hoi,17.4833,106.6,72.16,79,68,11.07,VN,2021-02-17 04:38:13,broken clouds
326,Longyearbyen,78.2186,15.6401,33.8,86,75,4.61,SJ,2021-02-17 04:38:14,light snow
327,Pyu,18.4833,96.4333,92.34,23,30,3.69,MM,2021-02-17 04:38:14,scattered clouds
328,Geraldton,-28.7667,114.6,77.0,69,90,12.66,AU,2021-02-17 04:38:14,overcast clouds
329,Sayyan,15.1718,44.3244,58.37,34,60,3.13,YE,2021-02-17 04:38:14,broken clouds
330,Buala,-8.145,159.5921,84.99,73,93,2.15,SB,2021-02-17 04:38:14,light rain
331,Necochea,-38.5473,-58.7368,61.0,97,100,1.99,AR,2021-02-17 04:38:15,overcast clouds
332,Solnechnyy,50.7214,136.6319,6.64,89,100,19.46,RU,2021-02-17 04:38:15,overcast clouds
333,Mattru,7.6244,-11.8332,75.09,93,91,2.55,SL,2021-02-17 04:38:15,overcast clouds
334,Portland,45.5234,-122.6762,42.8,75,90,4.61,US,2021-02-17 04:38:15,overcast clouds
335,Porto Santo,33.072,-16.3415,63.75,68,98,12.01,PT,2021-02-17 04:38:15,overcast clouds
336,Upington,-28.4478,21.2561,59.0,58,0,5.75,ZA,2021-02-17 04:38:16,clear sky
337,Pangnirtung,66.1451,-65.7125,-20.04,78,39,3.29,CA,2021-02-17 04:38:16,scattered clouds
338,Mujiayingzi,42.1167,118.7833,14.54,55,0,24.56,CN,2021-02-17 04:38:16,clear sky
339,Priiskovyy,51.9333,116.6333,-2.36,85,72,2.06,RU,2021-02-17 04:38:16,broken clouds
340,Svetlaya,46.5389,138.3297,27.28,92,100,10.47,RU,2021-02-17 04:38:16,light snow
341,Vostok,46.4856,135.8833,10.18,96,100,9.24,RU,2021-02-17 04:38:16,snow
342,Fairbanks,64.8378,-147.7164,10.99,92,90,2.39,US,2021-02-17 04:35:02,light snow
343,Finspang,58.7058,15.7674,24.53,97,100,6.96,SE,2021-02-17 04:38:17,overcast clouds
344,Salalah,17.0151,54.0924,69.8,52,0,3.44,OM,2021-02-17 04:34:03,clear sky
345,Tokonou,9.65,-9.7833,73.15,78,82,5.06,GN,2021-02-17 04:38:17,broken clouds
346,Jawhar,2.7809,45.5005,77.59,73,100,11.05,SO,2021-02-17 04:38:17,overcast clouds
347,Rapid Valley,44.0625,-103.1463,3.99,78,90,3.44,US,2021-02-17 04:38:17,overcast clouds
348,Guerrero Negro,27.9769,-114.0611,58.71,72,66,14.43,MX,2021-02-17 04:38:18,broken clouds
349,Abeche,13.8292,20.8324,58.66,37,0,16.11,TD,2021-02-17 04:38:18,clear sky
350,Serebryansk,49.6925,83.2892,32.0,59,75,6.71,KZ,2021-02-17 04:38:18,broken clouds
351,Coos Bay,43.3665,-124.2179,44.6,93,90,3.44,US,2021-02-17 04:38:18,overcast clouds
352,Coolum Beach,-26.5333,153.1,79.0,76,57,7.0,AU,2021-02-17 04:38:18,moderate rain
353,Ruiselede,51.0572,3.3788,45.07,90,92,14.65,BE,2021-02-17 04:38:19,overcast clouds
354,Huarmey,-10.0681,-78.1522,71.98,71,6,5.37,PE,2021-02-17 04:38:19,clear sky
355,Bayangol,50.6977,103.4656,23.63,91,20,3.29,RU,2021-02-17 04:38:19,few clouds
356,Butka,56.7179,63.7866,-10.64,87,0,9.89,RU,2021-02-17 04:38:19,clear sky
357,Togur,58.3631,82.8265,-1.08,91,69,8.37,RU,2021-02-17 04:38:19,broken clouds
358,Seoul,37.5683,126.9778,20.86,61,2,19.55,KR,2021-02-17 04:34:07,clear sky
359,Kieta,-6.2167,155.6333,84.4,72,96,9.06,PG,2021-02-17 04:38:20,light rain
360,Halifax,44.6453,-63.5724,44.26,95,100,17.74,CA,2021-02-17 04:34:04,overcast clouds
361,Codrington,-38.2667,141.9667,85.08,37,0,16.53,AU,2021-02-17 04:38:20,clear sky
362,Buraydah,26.326,43.975,66.2,37,0,8.05,SA,2021-02-17 04:38:20,clear sky
363,Sabang,5.8933,95.3214,82.74,71,2,18.7,ID,2021-02-17 04:38:20,clear sky
364,Nouadhibou,20.931,-17.0347,66.2,59,0,11.5,MR,2021-02-17 04:38:20,dust
365,Otradnoye,59.7775,30.8181,8.6,78,75,8.95,RU,2021-02-17 04:38:21,light snow
366,Wajima,37.4,136.9,28.4,80,75,11.5,JP,2021-02-17 04:38:21,light snow
367,Christchurch,-43.5333,172.6333,64.4,45,0,11.5,NZ,2021-02-17 04:35:11,clear sky
368,Inhumas,-16.3578,-49.4961,66.38,94,100,1.95,BR,2021-02-17 04:38:21,moderate rain
369,Batagay-Alyta,67.8006,130.4114,-26.07,82,3,0.22,RU,2021-02-17 04:38:22,clear sky
370,Sept-Iles,50.2001,-66.3821,14.0,79,100,6.91,CA,2021-02-17 04:35:19,snow
371,Nizwa,22.9333,57.5333,74.59,27,0,0.87,OM,2021-02-17 04:38:22,clear sky
372,Rassvet,46.8333,40.75,17.71,94,100,8.55,RU,2021-02-17 04:38:22,overcast clouds
373,Tucuman,-26.8241,-65.2226,71.6,88,0,3.44,AR,2021-02-17 04:38:22,clear sky
374,Chase,50.8165,-119.6857,29.39,93,100,1.57,CA,2021-02-17 04:38:23,light snow
375,Kintampo,8.0563,-1.7306,74.34,83,98,3.91,GH,2021-02-17 04:38:23,overcast clouds
376,Mandiana,10.6333,-8.6833,74.41,67,82,4.41,GN,2021-02-17 04:38:23,broken clouds
377,Great Falls,47.5002,-111.3008,15.8,73,1,8.05,US,2021-02-17 04:38:23,clear sky
378,Benguela,-12.5763,13.4055,73.98,81,74,1.14,AO,2021-02-17 04:35:05,broken clouds
379,Bukama,-9.2,25.85,69.19,95,100,2.13,CD,2021-02-17 04:38:23,overcast clouds
380,Dossor,47.5272,52.9811,16.83,96,100,21.32,KZ,2021-02-17 04:38:24,snow
381,West Bay,19.3667,-81.4167,79.0,80,10,13.98,KY,2021-02-17 04:38:24,clear sky
382,Wattegama,6.7989,81.4808,82.4,78,0,8.05,LK,2021-02-17 04:38:24,clear sky
383,Tricase,39.9304,18.3553,37.0,68,20,1.99,IT,2021-02-17 04:38:24,few clouds
384,Mana,5.6592,-53.7767,75.29,79,44,11.63,GF,2021-02-17 04:38:24,scattered clouds
385,Zambezi,-13.5432,23.1047,66.04,85,100,2.01,ZM,2021-02-17 04:38:24,overcast clouds
386,Iskateley,67.6803,53.1512,-28.05,84,10,4.34,RU,2021-02-17 04:38:25,clear sky
387,Tadine,-21.55,167.8833,85.06,70,28,3.69,NC,2021-02-17 04:38:25,scattered clouds
388,Bonavista,48.6499,-53.1147,27.0,93,100,3.44,CA,2021-02-17 04:38:25,snow
389,Madang,-5.2246,145.7966,80.15,83,100,7.58,PG,2021-02-17 04:38:25,overcast clouds
390,Zlobin,45.2924,14.6541,42.8,70,40,1.66,HR,2021-02-17 04:38:25,scattered clouds
391,Fernandopolis,-20.2839,-50.2464,71.01,92,100,3.06,BR,2021-02-17 04:38:26,overcast clouds
392,Broome,42.2506,-75.833,15.8,73,40,12.66,US,2021-02-17 04:38:26,scattered clouds
393,Sitka,57.0531,-135.33,35.6,93,90,4.61,US,2021-02-17 04:38:26,overcast clouds
394,Awjilah,29.1081,21.2869,43.97,61,14,8.19,LY,2021-02-17 04:38:26,few clouds
395,Dakar,14.6937,-17.4441,69.8,73,99,2.3,SN,2021-02-17 04:36:24,dust
396,Brae,60.3964,-1.353,44.6,81,16,17.27,GB,2021-02-17 04:38:26,few clouds
397,Rosetta,31.4044,30.4164,47.95,72,99,33.44,EG,2021-02-17 04:38:27,overcast clouds
398,Sambava,-14.2667,50.1667,81.82,78,94,2.84,MG,2021-02-17 04:38:27,overcast clouds
399,Winnemucca,40.973,-117.7357,34.12,85,88,6.17,US,2021-02-17 04:38:27,light snow
400,Beyneu,45.3167,55.2,40.42,82,81,10.0,KZ,2021-02-17 04:38:27,broken clouds
401,Sorland,67.667,12.6934,29.8,89,0,16.6,NO,2021-02-17 04:38:27,clear sky
402,Front Royal,38.9182,-78.1944,25.0,54,40,8.05,US,2021-02-17 04:38:27,scattered clouds
403,Vanavara,60.34,102.2797,9.21,94,100,5.46,RU,2021-02-17 04:38:28,overcast clouds
404,Bredy,52.4153,60.3411,-5.01,87,100,6.04,RU,2021-02-17 04:38:28,overcast clouds
405,Pathein,16.7833,94.7333,87.6,29,2,5.86,MM,2021-02-17 04:38:28,clear sky
406,Praia Da Vitoria,38.7333,-27.0667,56.7,78,77,15.57,PT,2021-02-17 04:38:28,broken clouds
407,Madimba,-10.4,40.3333,77.0,94,75,11.5,TZ,2021-02-17 04:38:28,broken clouds
408,Dmitriyevka,54.75,55.3333,-15.2,88,51,2.08,RU,2021-02-17 04:38:29,broken clouds
409,Tasiilaq,65.6145,-37.6368,30.2,86,90,16.11,GL,2021-02-17 04:38:29,snow
410,Kaitangata,-46.2817,169.8464,61.0,62,6,10.0,NZ,2021-02-17 04:38:29,clear sky
411,Teguise,29.0605,-13.564,60.78,73,0,20.36,ES,2021-02-17 04:38:29,clear sky
412,Port-Gentil,-0.7193,8.7815,81.5,82,94,13.67,GA,2021-02-17 04:38:29,overcast clouds
413,Kearney,40.6995,-99.0815,-0.89,93,100,10.25,US,2021-02-17 04:35:58,overcast clouds
414,Port Blair,11.6667,92.75,82.6,65,0,13.33,IN,2021-02-17 04:38:30,clear sky
415,Honiara,-9.4333,159.95,83.84,75,96,3.31,SB,2021-02-17 04:38:30,overcast clouds
416,Guadalupe Y Calvo,26.1,-106.9667,38.07,98,88,8.95,MX,2021-02-17 04:38:30,overcast clouds
417,Dengzhou,37.8086,120.7508,23.14,81,88,24.96,CN,2021-02-17 04:38:30,overcast clouds
418,Tuatapere,-46.1333,167.6833,63.0,55,0,5.01,NZ,2021-02-17 04:38:30,clear sky
419,Egvekinot,66.3167,-179.1667,-16.19,87,6,12.35,RU,2021-02-17 04:35:11,clear sky
420,Sinnamary,5.3833,-52.95,75.02,82,6,12.55,GF,2021-02-17 04:38:31,clear sky
421,Hamilton,39.1834,-84.5333,3.0,94,27,1.54,US,2021-02-17 04:34:44,scattered clouds
422,Jardim,-21.4803,-56.1381,69.6,97,32,2.46,BR,2021-02-17 04:37:16,scattered clouds
423,Chernyshevskiy,63.0128,112.4714,-13.41,88,99,9.4,RU,2021-02-17 04:38:31,overcast clouds
424,Tarakan,3.3,117.6333,87.8,62,40,6.91,ID,2021-02-17 04:38:31,scattered clouds
425,Tuy Hoa,13.0833,109.3,75.49,72,44,16.62,VN,2021-02-17 04:38:32,scattered clouds
426,Mustasaari,63.1142,21.6822,-13.0,77,20,1.14,FI,2021-02-17 04:38:32,few clouds
427,Pshatavan,40.0387,44.0663,53.6,62,75,23.02,AM,2021-02-17 04:38:32,broken clouds
428,Port-De-Bouc,43.4,4.9833,46.4,100,75,2.3,FR,2021-02-17 04:38:32,broken clouds
429,Mizdah,31.4451,12.9801,39.6,72,0,6.29,LY,2021-02-17 04:38:32,clear sky
430,Ugoofaaru,5.6667,73.0,81.73,70,97,9.51,MV,2021-02-17 04:38:32,overcast clouds
431,Whittlesea,-32.1759,26.8244,51.78,85,64,4.63,ZA,2021-02-17 04:38:33,broken clouds
432,Westport,41.1415,-73.3579,39.2,60,90,14.97,US,2021-02-17 04:37:15,overcast clouds
433,Hirado,33.3597,129.5531,37.99,65,75,20.71,JP,2021-02-17 04:38:33,light snow
434,Khandyga,62.6667,135.6,-20.16,85,100,1.16,RU,2021-02-17 04:38:33,overcast clouds
435,Puksoozero,62.5903,40.6066,-25.51,86,64,5.03,RU,2021-02-17 04:38:33,broken clouds
436,San Cristobal,7.7669,-72.225,64.89,88,74,2.68,VE,2021-02-17 04:38:33,broken clouds
437,Umm Kaddadah,13.6017,26.6876,60.82,32,30,22.44,SD,2021-02-17 04:38:34,scattered clouds
438,Ulaanbaatar,47.9077,106.8832,12.2,62,0,4.47,MN,2021-02-17 04:38:34,clear sky
439,Takoradi,4.8845,-1.7554,79.25,86,93,7.54,GH,2021-02-17 04:37:13,overcast clouds
440,Tilichiki,60.4667,166.1,-4.88,89,11,8.52,RU,2021-02-17 04:38:34,few clouds
441,Lima,-12.0432,-77.0282,74.35,62,6,4.97,PE,2021-02-17 04:35:53,clear sky
442,Cabedelo,-6.9811,-34.8339,80.6,83,40,5.75,BR,2021-02-17 04:38:34,scattered clouds
443,Punganuru,13.3667,78.5833,78.46,28,2,7.02,IN,2021-02-17 04:38:35,clear sky
444,Colac,-38.3333,143.5833,82.0,48,1,5.68,AU,2021-02-17 04:38:35,clear sky
445,Leshukonskoye,64.8989,45.7622,-29.65,84,0,1.77,RU,2021-02-17 04:38:35,clear sky
446,Desur,12.4333,79.4833,77.0,78,40,3.44,IN,2021-02-17 04:38:35,haze
447,Ostrovnoy,68.0531,39.5131,0.5,89,18,14.83,RU,2021-02-17 04:38:35,few clouds
448,Kavaratti,10.5669,72.642,81.46,68,68,9.37,IN,2021-02-17 04:38:36,broken clouds
449,Half Moon Bay,37.4636,-122.4286,50.0,87,90,8.05,US,2021-02-17 04:38:36,mist
450,Acari,-15.4311,-74.6158,71.55,67,2,1.61,PE,2021-02-17 04:38:36,clear sky
451,Cervo,43.6702,-7.4101,42.01,95,70,7.0,ES,2021-02-17 04:38:37,broken clouds
452,Lata,40.1629,-8.3327,53.31,93,100,3.36,PT,2021-02-17 04:38:37,overcast clouds
453,Makokou,0.5738,12.8642,71.15,94,70,2.89,GA,2021-02-17 04:38:37,broken clouds
454,Rio Brilhante,-21.8019,-54.5464,70.61,93,90,5.01,BR,2021-02-17 04:38:38,overcast clouds
455,Menongue,-14.6585,17.691,60.01,86,67,1.83,AO,2021-02-17 04:38:38,broken clouds
456,Kenai,60.5544,-151.2583,24.85,98,100,11.05,US,2021-02-17 04:38:38,overcast clouds
457,Arona,28.0996,-16.681,66.2,30,0,17.27,ES,2021-02-17 04:38:38,clear sky
458,Quatre Cocos,-20.2078,57.7625,86.0,94,40,5.19,MU,2021-02-17 04:38:39,scattered clouds
459,Asfi,32.2994,-9.2372,56.32,84,83,9.06,MA,2021-02-17 04:38:39,broken clouds
460,Shimoda,34.6667,138.95,50.0,43,40,18.41,JP,2021-02-17 04:38:39,scattered clouds
461,Terra Santa,-2.1042,-56.4869,73.69,91,58,1.28,BR,2021-02-17 04:38:40,broken clouds
462,Araouane,18.9048,-3.5265,71.98,20,86,10.67,ML,2021-02-17 04:38:40,overcast clouds
463,Torit,4.4133,32.5678,84.31,30,100,2.39,SS,2021-02-17 04:38:40,overcast clouds
464,Udachnyy,66.4167,112.4,-19.19,81,96,11.48,RU,2021-02-17 04:38:41,overcast clouds
465,Monte Patria,-30.6919,-70.9467,57.56,76,0,1.19,CL,2021-02-17 04:38:41,clear sky
466,Pangoa,-12.1167,-73.0,67.57,96,100,1.72,PE,2021-02-17 04:38:41,heavy intensity rain
467,Verkhnyaya Balkariya,43.1279,43.4573,15.8,92,75,3.15,RU,2021-02-17 04:38:41,snow
468,Vardo,70.3705,31.1107,12.2,79,75,13.8,NO,2021-02-17 04:38:42,broken clouds
469,Ust-Uda,54.1742,103.0304,13.08,94,95,7.34,RU,2021-02-17 04:38:42,overcast clouds
470,Atar,20.5169,-13.0499,64.22,28,80,9.89,MR,2021-02-17 04:38:42,broken clouds
471,Santa Marta,11.2408,-74.199,78.08,65,74,16.93,CO,2021-02-17 04:37:18,broken clouds
472,Yantal,56.8471,105.2542,22.73,96,100,7.02,RU,2021-02-17 04:38:43,light snow
473,Mosquera,4.7059,-74.2302,52.03,89,98,3.09,CO,2021-02-17 04:38:43,overcast clouds
474,Marquette,46.5333,-87.6335,1.53,92,26,7.78,US,2021-02-17 04:36:52,scattered clouds
475,Dombarovskiy,50.7587,59.5386,2.16,92,93,10.56,RU,2021-02-17 04:38:43,overcast clouds
476,Betafo,-19.8333,46.85,66.24,81,100,5.61,MG,2021-02-17 04:38:44,overcast clouds
477,Bumba,2.1833,22.4667,72.52,91,73,1.1,CD,2021-02-17 04:38:44,broken clouds
478,Klerksdorp,-26.8521,26.6667,57.6,71,28,6.08,ZA,2021-02-17 04:38:44,scattered clouds
479,Abu Samrah,35.3029,37.1841,43.07,71,91,20.56,SY,2021-02-17 04:38:45,overcast clouds
480,Ariquemes,-9.9133,-63.0408,73.92,96,100,2.44,BR,2021-02-17 04:38:45,heavy intensity rain
481,Nioro,13.35,-15.75,71.98,24,87,5.08,GM,2021-02-17 04:38:45,overcast clouds
482,Ferrol,43.4832,-8.2369,52.0,87,0,6.91,ES,2021-02-17 04:38:45,clear sky
483,Kryry,50.1744,13.4266,36.0,98,100,10.0,CZ,2021-02-17 04:38:46,snow
484,Xam Nua,20.4197,104.0439,68.07,69,80,4.81,LA,2021-02-17 04:38:46,broken clouds
485,Naze,28.3667,129.4833,55.4,54,75,19.57,JP,2021-02-17 04:38:46,broken clouds
486,Meulaboh,4.1363,96.1285,87.51,61,0,5.77,ID,2021-02-17 04:38:46,clear sky
487,Kapuskasing,49.4169,-82.4331,-8.88,91,81,4.34,CA,2021-02-17 04:38:46,broken clouds
488,Warri,5.5167,5.75,77.29,91,100,3.53,NG,2021-02-17 04:38:47,overcast clouds
489,Bathsheba,13.2167,-59.5167,78.8,61,40,20.71,BB,2021-02-17 04:38:47,scattered clouds
490,Hun,29.1268,15.9477,39.88,89,0,3.94,LY,2021-02-17 04:38:47,clear sky
491,Mandalgovi,45.7625,106.2708,27.28,85,0,10.0,MN,2021-02-17 04:38:47,clear sky
492,Abonnema,4.7084,6.7931,78.1,89,14,3.6,NG,2021-02-17 04:38:48,few clouds
493,Senno,59.5336,33.9167,-10.32,90,1,4.52,RU,2021-02-17 04:38:48,clear sky
494,Terrasini,38.146,13.0844,42.01,81,0,4.61,IT,2021-02-17 04:38:48,clear sky
495,Flinders,-34.5833,150.8552,75.0,60,75,16.11,AU,2021-02-17 04:38:48,broken clouds
496,High Level,58.5169,-117.136,-11.2,84,1,1.19,CA,2021-02-17 04:38:48,clear sky
497,Hami,42.8,93.45,45.45,46,0,2.82,CN,2021-02-17 04:38:49,clear sky
498,Paita,-5.0892,-81.1144,74.62,75,4,9.44,PE,2021-02-17 04:38:49,clear sky
499,Airai,-8.9266,125.4092,73.99,68,100,5.68,TL,2021-02-17 04:38:49,overcast clouds
500,Sarangani,5.4033,125.4636,83.07,72,100,7.99,PH,2021-02-17 04:38:49,overcast clouds
501,Moranbah,-22.0016,148.0466,87.82,39,1,17.09,AU,2021-02-17 04:38:50,clear sky
502,Bereda,43.2686,-7.5406,42.01,95,68,7.0,ES,2021-02-17 04:38:50,broken clouds
503,Jiwani,25.05,61.7417,72.14,54,0,4.16,PK,2021-02-17 04:38:50,clear sky
504,Gouyave,12.1646,-61.7296,77.0,78,20,14.97,GD,2021-02-17 04:38:50,few clouds
505,Sao Joao Da Barra,-21.6403,-41.0511,75.18,91,0,6.62,BR,2021-02-17 04:38:51,clear sky
506,Laguna,38.421,-121.4238,47.84,73,13,4.14,US,2021-02-17 04:38:51,few clouds
507,Rafai,4.95,23.9167,68.13,73,19,2.37,CF,2021-02-17 04:38:51,few clouds
508,Puerto Ayacucho,5.6639,-67.6236,78.89,59,79,9.1,VE,2021-02-17 04:38:51,broken clouds
509,Kaniama,-7.5667,24.1833,66.29,91,100,2.1,CD,2021-02-17 04:38:52,light rain
510,Paralimni,35.0375,33.9833,42.8,87,40,3.44,CY,2021-02-17 04:38:52,scattered clouds
511,Yar-Sale,66.8333,70.8333,-17.77,87,97,12.1,RU,2021-02-17 04:38:52,overcast clouds
512,Moron,-34.6534,-58.6198,66.27,69,32,9.13,AR,2021-02-17 04:37:58,scattered clouds
513,Panama City,8.9936,-79.5197,78.8,83,75,6.91,PA,2021-02-17 04:38:52,broken clouds
514,Kandrian,-6.2167,149.55,86.59,67,100,13.51,PG,2021-02-17 04:38:53,light rain
515,Olinda,-8.0089,-34.8553,78.71,81,76,11.05,BR,2021-02-17 04:38:53,broken clouds
516,Ambulu,-8.345,113.6058,86.65,63,71,7.18,ID,2021-02-17 04:38:53,broken clouds
517,Osypenko,46.9136,36.8253,18.07,85,0,8.77,UA,2021-02-17 04:38:53,clear sky
518,Igrim,63.1906,64.4162,-21.05,85,100,1.32,RU,2021-02-17 04:38:54,overcast clouds
519,Kendari,-3.945,122.4989,91.02,54,91,2.86,ID,2021-02-17 04:38:54,overcast clouds
520,Yumen,40.2833,97.2,44.69,48,0,15.37,CN,2021-02-17 04:38:54,clear sky
521,Jijiga,9.35,42.8,66.2,39,64,6.98,ET,2021-02-17 04:38:55,broken clouds
522,Mendoza,-32.8908,-68.8272,71.37,54,0,4.41,AR,2021-02-17 04:37:25,clear sky
523,San Ramon,37.7799,-121.978,50.0,87,1,1.54,US,2021-02-17 04:36:44,clear sky
524,Doha,25.2867,51.5333,69.01,88,20,3.44,QA,2021-02-17 04:38:55,few clouds
525,Auki,-8.7676,160.7034,82.94,80,100,2.8,SB,2021-02-17 04:38:55,overcast clouds
526,Kabugao,18.0217,121.1842,79.03,65,12,5.93,PH,2021-02-17 04:38:55,few clouds
527,Portree,57.4129,-6.1942,43.0,75,53,13.0,GB,2021-02-17 04:38:56,broken clouds
528,Palana,59.1167,159.9667,18.82,93,89,14.61,RU,2021-02-17 04:38:56,overcast clouds
529,Kudahuvadhoo,2.6708,72.8944,81.79,79,100,13.22,MV,2021-02-17 04:38:56,overcast clouds
530,Santiago De Cao,-7.9589,-79.2392,72.03,77,1,8.57,PE,2021-02-17 04:38:56,clear sky
531,Northam,51.0333,-4.2167,48.85,88,96,22.44,GB,2021-02-17 04:38:56,light rain
532,Santa Comba,43.0331,-8.8093,50.0,79,89,3.0,ES,2021-02-17 04:38:56,overcast clouds
533,Korla,41.7597,86.1469,42.69,54,24,4.12,CN,2021-02-17 04:38:57,few clouds
534,Keffi,8.8486,7.8736,70.23,19,39,3.78,NG,2021-02-17 04:38:57,scattered clouds
535,Warrington,53.3925,-2.5802,46.99,93,75,14.97,GB,2021-02-17 04:38:57,broken clouds
536,Sorong,-0.8833,131.25,86.34,66,21,12.08,ID,2021-02-17 04:38:57,few clouds
537,Soritor,-6.1392,-77.1039,66.09,83,100,1.36,PE,2021-02-17 04:38:57,overcast clouds
538,Khor,47.8861,134.9464,14.67,93,100,17.18,RU,2021-02-17 04:38:58,light snow
539,Dunning,56.312,-3.5861,41.0,91,99,3.0,GB,2021-02-17 04:38:58,moderate rain
540,Nalut,30.3333,10.85,38.03,72,0,5.61,LY,2021-02-17 04:38:58,clear sky
541,Teya,60.3778,92.6267,2.39,88,67,2.28,RU,2021-02-17 04:38:58,broken clouds
542,Yacuiba,-22.038,-63.6797,67.32,83,70,3.22,BO,2021-02-17 04:38:58,broken clouds
543,Sablan,16.493,120.4954,78.33,59,21,7.47,PH,2021-02-17 04:38:59,few clouds
544,Tual,-5.6667,132.75,82.92,79,94,19.64,ID,2021-02-17 04:38:59,overcast clouds
545,Yulara,-25.2406,130.9889,100.4,16,71,16.11,AU,2021-02-17 04:38:59,broken clouds
546,Takahashi,34.7833,133.6167,31.73,84,89,19.71,JP,2021-02-17 04:38:59,light snow
547,Mount Isa,-20.7333,139.5,89.58,45,52,20.02,AU,2021-02-17 04:38:59,broken clouds
548,Kloulklubed,7.0419,134.2556,82.4,89,90,11.5,PW,2021-02-17 04:38:59,overcast clouds
549,Ittiri,40.5929,8.5684,35.26,94,29,4.41,IT,2021-02-17 04:39:00,scattered clouds
550,Bhag,29.0415,67.8239,78.85,13,0,3.51,PK,2021-02-17 04:39:00,clear sky
551,Prince Rupert,54.3161,-130.3201,35.6,93,90,5.75,CA,2021-02-17 04:39:00,light rain
552,Abalak,58.1286,68.5944,-10.57,90,92,9.37,RU,2021-02-17 04:39:00,overcast clouds
553,Nioki,-2.7167,17.6833,72.66,88,98,3.0,CD,2021-02-17 04:39:00,overcast clouds
554,Sarakhs,36.5449,61.1577,53.6,32,0,4.61,IR,2021-02-17 04:39:01,clear sky
555,Russell,32.3502,-85.1999,30.2,74,1,3.96,US,2021-02-17 04:39:01,clear sky
556,Manama,26.2154,50.5832,64.4,88,40,11.5,BH,2021-02-17 04:38:39,haze
557,Mount Gambier,-37.8333,140.7667,96.8,17,40,9.22,AU,2021-02-17 04:39:01,scattered clouds
558,Olafsvik,64.8945,-23.7142,39.63,75,100,7.47,IS,2021-02-17 04:39:01,overcast clouds
559,Blacksburg,37.2296,-80.4139,21.2,79,90,8.05,US,2021-02-17 04:39:02,overcast clouds
560,Susehri,40.1644,38.0867,17.55,92,100,4.85,TR,2021-02-17 04:39:02,light snow
561,Kampot,10.6167,104.1833,82.35,57,62,7.63,KH,2021-02-17 04:39:02,broken clouds
562,Cam Ranh,11.9214,109.1591,78.42,60,16,19.3,VN,2021-02-17 04:39:02,few clouds
563,Dauphin,51.1494,-100.0502,-5.8,45,1,6.91,CA,2021-02-17 04:39:02,clear sky
564,Tres Coracoes,-21.6969,-45.2533,64.04,92,98,1.54,BR,2021-02-17 04:39:03,overcast clouds
565,Nelson Bay,-32.7167,152.15,77.0,50,75,17.27,AU,2021-02-17 04:39:03,broken clouds
566,Ormara,25.2088,64.6357,75.09,52,0,1.77,PK,2021-02-17 04:39:03,clear sky
567,Aquiraz,-3.9014,-38.3911,75.0,86,100,3.49,BR,2021-02-17 04:39:03,moderate rain
568,Madera,37.1666,-119.8343,44.01,84,1,3.85,US,2021-02-17 04:39:04,clear sky
569,Henties Bay,-22.116,14.2845,61.0,90,0,1.99,NA,2021-02-17 04:39:04,clear sky
570,Moose Factory,51.2585,-80.6094,-16.6,76,90,2.3,CA,2021-02-17 04:39:04,overcast clouds
571,Inongo,-1.95,18.2667,73.13,87,91,3.53,CD,2021-02-17 04:39:04,overcast clouds
572,Wasilla,61.5814,-149.4394,28.0,93,90,5.01,US,2021-02-17 04:39:04,overcast clouds
573,Mokhsogollokh,61.4681,128.9203,-16.19,85,41,1.83,RU,2021-02-17 04:39:04,scattered clouds
574,Salinas,36.6777,-121.6555,55.4,76,1,11.5,US,2021-02-17 04:39:05,clear sky
