City_ID,City,Country,Date,Lat,Lng,Max Temp,Humidity,Cloudiness,Wind Speed,Current Description,Rain inches (last 3 hours),Snow inches (last 3 hours)
0,Butaritari,KI,2021-02-17 05:18:34,3.0707,172.7902,81.68,82,0,18.12,clear sky,0,0
1,Broome,US,2021-02-17 05:18:34,42.2506,-75.833,15.8,73,75,17.27,broken clouds,0,0
2,Hermanus,ZA,2021-02-17 05:18:34,-34.4187,19.2345,62.69,80,1,5.93,clear sky,0,0
3,Punta Arenas,CL,2021-02-17 05:18:35,-53.15,-70.9167,46.4,81,0,10.36,clear sky,0,0
4,Agadir,MA,2021-02-17 05:18:35,30.4202,-9.5982,48.2,93,0,6.91,clear sky,0,0
5,Lluta,PE,2021-02-17 05:18:35,-16.0147,-72.0142,46.85,68,13,1.21,few clouds,0,0
6,Uruzgan,AF,2021-02-17 05:18:35,32.8333,66.0,49.95,36,0,5.64,clear sky,0,0
7,Madang,PG,2021-02-17 05:18:35,-5.2246,145.7966,80.15,83,100,7.58,overcast clouds,0,0
8,Evensk,RU,2021-02-17 05:18:35,61.95,159.2333,12.07,88,100,18.79,overcast clouds,0,0
9,Awjilah,LY,2021-02-17 05:18:36,29.1081,21.2869,43.97,61,14,8.19,few clouds,0,0
10,Saint-Joseph,RE,2021-02-17 05:18:36,-21.3667,55.6167,82.0,63,93,2.08,overcast clouds,0,0
11,Ushuaia,AR,2021-02-17 05:18:36,-54.8,-68.3,50.0,93,75,16.11,broken clouds,0,0
12,Aden,YE,2021-02-17 05:18:37,12.7794,45.0367,76.6,70,93,15.99,overcast clouds,0,0
13,Mao,ES,2021-02-17 05:18:37,39.8885,4.2658,44.6,93,0,4.61,clear sky,0,0
14,Bayir,TR,2021-02-17 05:18:37,37.2687,28.2167,33.8,40,0,12.66,clear sky,0,0
15,Bredasdorp,ZA,2021-02-17 05:18:37,-34.5322,20.0403,57.2,94,21,1.14,few clouds,0,0
16,Chokurdakh,RU,2021-02-17 05:18:37,70.6333,147.9167,-12.55,90,99,3.33,overcast clouds,0,0
17,Barrow,US,2021-02-17 05:18:37,71.2906,-156.7887,-16.6,69,1,9.22,clear sky,0,0
18,Pierre,US,2021-02-17 05:18:20,44.3683,-100.351,3.0,66,90,12.66,overcast clouds,0,0
19,Nyimba,ZM,2021-02-17 05:18:38,-14.5566,30.8149,70.77,92,100,2.06,overcast clouds,0,0
20,Saint-Philippe,RE,2021-02-17 05:18:38,-21.3585,55.7679,82.98,61,92,2.75,overcast clouds,0,0
21,Port Alfred,ZA,2021-02-17 05:18:38,-33.5906,26.891,65.25,72,3,18.25,clear sky,0,0
22,Upernavik,GL,2021-02-17 05:18:38,72.7868,-56.1549,-5.13,90,97,1.92,overcast clouds,0,0
23,Miyako,JP,2021-02-17 05:18:38,39.6367,141.9525,34.29,77,21,18.12,few clouds,0,0
24,Qaanaaq,GL,2021-02-17 05:18:39,77.484,-69.3632,-8.07,86,95,5.77,overcast clouds,0,0
25,Rikitea,PF,2021-02-17 05:18:39,-23.1203,-134.9692,78.78,76,27,14.14,light rain,0,0
26,Lagoa,PT,2021-02-17 05:18:39,39.05,-27.9833,58.26,75,83,27.42,broken clouds,0,0
27,Kodiak,US,2021-02-17 05:18:39,57.79,-152.4072,38.16,96,100,21.54,moderate rain,0,0
28,Fairbanks,US,2021-02-17 05:18:39,64.8378,-147.7164,10.99,85,90,2.39,light snow,0,0
29,Provideniya,RU,2021-02-17 05:18:40,64.3833,-173.3,-0.4,65,0,17.9,clear sky,0,0
30,Bo Phloi,TH,2021-02-17 05:18:40,14.3236,99.5161,91.99,39,15,9.44,few clouds,0,0
31,Talnakh,RU,2021-02-17 05:18:40,69.4865,88.3972,-14.75,87,100,1.9,overcast clouds,0,0
32,Dikson,RU,2021-02-17 05:18:40,73.5069,80.5464,-18.22,88,93,11.59,overcast clouds,0,0
33,Hithadhoo,MV,2021-02-17 05:18:41,-0.6,73.0833,81.75,70,99,1.83,overcast clouds,0,0
34,Touros,BR,2021-02-17 05:18:41,-5.1989,-35.4608,78.8,83,20,4.61,few clouds,0,0
35,Yellowknife,CA,2021-02-17 05:16:31,62.456,-114.3525,-20.99,76,75,5.75,broken clouds,0,0
36,Bluff,NZ,2021-02-17 05:18:41,-46.6,168.3333,62.01,61,1,8.99,clear sky,0,0
37,East London,ZA,2021-02-17 05:18:41,-33.0153,27.9116,62.6,77,20,3.44,few clouds,0,0
38,Busselton,AU,2021-02-17 05:18:41,-33.65,115.3333,82.99,54,0,5.99,clear sky,0,0
39,Worthington,US,2021-02-17 05:16:40,40.0931,-83.018,10.4,85,1,3.44,clear sky,0,0
40,Raudeberg,NO,2021-02-17 05:18:42,61.9875,5.1352,42.01,57,100,11.86,overcast clouds,0,0
41,Carnarvon,AU,2021-02-17 05:18:42,-24.8667,113.6333,82.4,89,6,19.57,clear sky,0,0
42,Kapaa,US,2021-02-17 05:18:42,22.0752,-159.319,74.61,78,58,2.73,moderate rain,0,0
43,Bloomingdale,US,2021-02-17 05:18:42,27.8936,-82.2404,60.01,77,90,4.54,overcast clouds,0,0
44,Port Blair,IN,2021-02-17 05:18:42,11.6667,92.75,84.2,70,20,6.91,haze,0,0
45,Norman Wells,CA,2021-02-17 05:18:43,65.282,-126.8329,-9.4,77,75,1.9,light snow,0,0
46,Nikolskoye,RU,2021-02-17 05:18:43,59.7035,30.7861,8.6,78,75,8.95,light snow,0,0
47,Areia Branca,BR,2021-02-17 05:18:43,-4.9561,-37.1369,77.63,80,100,2.06,overcast clouds,0,0
48,Youkounkoun,GN,2021-02-17 05:18:43,12.5333,-13.1333,68.27,69,81,4.45,broken clouds,0,0
49,Lakatoro,VU,2021-02-17 05:18:43,-16.0999,167.4164,84.52,72,61,7.11,broken clouds,0,0
50,Itarema,BR,2021-02-17 05:18:43,-2.9248,-39.9167,72.66,95,100,4.29,moderate rain,0,0
51,Lebu,CL,2021-02-17 05:18:44,-37.6167,-73.65,53.33,86,1,9.64,clear sky,0,0
52,Port Elizabeth,ZA,2021-02-17 05:18:44,-33.918,25.5701,63.59,75,0,13.91,clear sky,0,0
53,Pevek,RU,2021-02-17 05:18:44,69.7008,170.3133,-24.21,87,5,3.4,clear sky,0,0
54,Bandarbeyla,SO,2021-02-17 05:18:44,9.4942,50.8122,76.62,65,9,11.48,clear sky,0,0
55,Port Moresby,PG,2021-02-17 05:18:45,-9.4431,147.1797,87.8,70,40,12.66,haze,0,0
56,Hobart,AU,2021-02-17 05:15:02,-42.8794,147.3294,79.25,37,0,9.44,clear sky,0,0
57,Guerrero Negro,MX,2021-02-17 05:18:45,27.9769,-114.0611,58.75,74,75,17.69,broken clouds,0,0
58,New Norfolk,AU,2021-02-17 05:18:45,-42.7826,147.0587,83.79,26,0,5.55,clear sky,0,0
59,Nema,RU,2021-02-17 05:18:45,57.5067,50.5011,-10.7,89,78,6.8,broken clouds,0,0
60,Saint Anthony,US,2021-02-17 05:18:46,45.0205,-93.218,3.2,71,20,1.81,few clouds,0,0
61,Kargopol,RU,2021-02-17 05:18:46,61.5071,38.9456,-14.91,88,99,6.2,overcast clouds,0,0
62,Sisimiut,GL,2021-02-17 05:18:46,66.9395,-53.6735,1.09,85,15,8.5,few clouds,0,0
63,Isangel,VU,2021-02-17 05:18:46,-19.55,169.2667,86.31,68,90,2.89,overcast clouds,0,0
64,Pisco,PE,2021-02-17 05:14:22,-13.7,-76.2167,71.6,78,0,4.61,clear sky,0,0
65,Ponta Do Sol,PT,2021-02-17 05:18:46,32.6667,-17.1,63.0,25,100,7.0,overcast clouds,0,0
66,Northam,GB,2021-02-17 05:18:47,51.0333,-4.2167,48.85,88,96,22.44,overcast clouds,0,0
67,Gornopravdinsk,RU,2021-02-17 05:18:47,60.05,69.9,-14.55,88,93,3.33,overcast clouds,0,0
68,Cabo San Lucas,MX,2021-02-17 05:18:47,22.8909,-109.9124,62.13,80,5,12.41,clear sky,0,0
69,Hofn,IS,2021-02-17 05:18:47,64.2539,-15.2082,41.49,75,100,14.58,overcast clouds,0,0
70,Itororo,BR,2021-02-17 05:18:47,-15.1169,-40.0703,71.94,92,100,2.59,overcast clouds,0,0
71,Guozhen,CN,2021-02-17 05:18:48,34.3659,107.359,57.11,29,99,2.17,overcast clouds,0,0
72,Coquimbo,CL,2021-02-17 05:18:48,-29.9533,-71.3436,59.09,85,2,2.17,clear sky,0,0
73,Arraial Do Cabo,BR,2021-02-17 05:18:48,-22.9661,-42.0278,75.15,86,0,4.97,clear sky,0,0
74,Khatanga,RU,2021-02-17 05:18:48,71.9667,102.5,-19.46,82,100,11.52,overcast clouds,0,0
75,Abrau-Dyurso,RU,2021-02-17 05:18:48,44.69,37.59,17.6,79,40,20.13,scattered clouds,0,0
76,Naifaru,MV,2021-02-17 05:18:49,5.4444,73.3657,81.64,69,96,7.49,overcast clouds,0,0
77,Hilo,US,2021-02-17 05:18:49,19.7297,-155.09,73.4,78,75,7.18,broken clouds,0,0
78,Padang,ID,2021-02-17 05:18:49,-0.9492,100.3543,87.8,55,20,6.91,few clouds,0,0
79,Lata,PT,2021-02-17 05:18:49,40.1629,-8.3327,55.0,94,98,4.14,overcast clouds,0,0
80,Luderitz,NA,2021-02-17 05:18:49,-26.6481,15.1594,63.18,71,0,6.06,clear sky,0,0
81,Ancud,CL,2021-02-17 05:18:50,-41.8697,-73.8203,51.03,87,1,3.13,clear sky,0,0
82,Pangnirtung,CA,2021-02-17 05:18:50,66.1451,-65.7125,-21.98,78,47,2.51,scattered clouds,0,0
83,Petropavlovsk-Kamchatskiy,RU,2021-02-17 05:17:45,53.0452,158.6483,32.0,64,40,24.61,snow,0,0
84,Klaksvik,FO,2021-02-17 05:18:50,62.2266,-6.589,44.6,93,90,21.85,overcast clouds,0,0
85,Castro,BR,2021-02-17 05:18:50,-24.7911,-50.0119,61.23,91,88,4.61,overcast clouds,0,0
86,Aransas Pass,US,2021-02-17 05:18:51,27.9095,-97.15,37.4,75,90,20.71,light rain,0,0
87,Champerico,GT,2021-02-17 05:18:51,14.3,-91.9167,69.01,91,27,6.85,scattered clouds,0,0
88,Stange,NO,2021-02-17 05:18:51,60.718,11.1942,24.01,93,90,8.05,light snow,0,0
89,Cradock,ZA,2021-02-17 05:18:51,-32.1642,25.6192,55.83,69,1,4.88,clear sky,0,0
90,Vaini,TO,2021-02-17 05:18:51,-21.2,-175.2,80.31,78,89,12.91,overcast clouds,0,0
91,Verkhovazhye,RU,2021-02-17 05:18:52,60.7472,42.0465,-8.66,90,97,4.5,overcast clouds,0,0
92,Mahebourg,MU,2021-02-17 05:18:52,-20.4081,57.7,82.4,83,40,6.91,scattered clouds,0,0
93,Albany,US,2021-02-17 05:18:52,42.6001,-73.9662,15.12,93,34,8.3,scattered clouds,0,0
94,The Valley,AI,2021-02-17 05:18:52,18.217,-63.0578,77.0,83,20,12.66,few clouds,0,0
95,Trairi,BR,2021-02-17 05:18:52,-3.2778,-39.2689,72.66,95,100,4.27,moderate rain,0,0
96,Ulaangom,MN,2021-02-17 05:18:53,49.9811,92.0667,1.54,90,18,3.11,few clouds,0,0
97,Aklavik,CA,2021-02-17 05:18:53,68.2191,-135.0107,-22.0,76,100,3.44,overcast clouds,0,0
98,Arawa,PG,2021-02-17 05:18:53,-6.2132,155.5367,83.62,76,96,6.11,light rain,0,0
99,Tiksi,RU,2021-02-17 05:18:53,71.6872,128.8694,-22.05,83,57,0.67,broken clouds,0,0
100,Morondava,MG,2021-02-17 05:18:53,-20.2833,44.2833,81.21,82,100,20.54,light rain,0,0
101,Tasiilaq,GL,2021-02-17 05:18:54,65.6145,-37.6368,30.2,93,75,13.8,snow,0,0
102,Taoudenni,ML,2021-02-17 05:18:54,22.6783,-3.9836,64.0,26,94,19.39,overcast clouds,0,0
103,Canutama,BR,2021-02-17 05:18:54,-6.5339,-64.3831,74.14,96,100,2.26,overcast clouds,0,0
104,Ozinki,RU,2021-02-17 05:18:54,51.1786,49.6769,-6.61,87,100,5.97,overcast clouds,0,0
105,Andra,RU,2021-02-17 05:18:54,62.5147,65.8878,-21.64,86,48,3.42,scattered clouds,0,0
106,Obo,CF,2021-02-17 05:18:55,5.3998,26.4869,67.64,59,31,3.09,scattered clouds,0,0
107,Debre Tabor,ET,2021-02-17 05:17:18,11.85,38.0167,57.67,59,71,2.71,broken clouds,0,0
108,Kutum,SD,2021-02-17 05:18:55,14.2,24.6667,47.01,54,0,22.84,clear sky,0,0
109,Belaya Gora,RU,2021-02-17 05:18:55,68.5333,146.4167,-15.18,88,100,3.15,overcast clouds,0,0
110,Mount Gambier,AU,2021-02-17 05:18:55,-37.8333,140.7667,96.8,16,40,5.75,scattered clouds,0,0
111,Rio Gallegos,AR,2021-02-17 05:18:56,-51.6226,-69.2181,55.44,58,40,10.83,scattered clouds,0,0
112,Fort Nelson,CA,2021-02-17 05:18:56,58.8053,-122.7002,-5.8,77,1,2.3,clear sky,0,0
113,Mitsamiouli,KM,2021-02-17 05:18:56,-11.3847,43.2844,78.8,73,20,3.44,few clouds,0,0
114,Atuona,PF,2021-02-17 05:18:56,-9.8,-139.0333,79.12,78,4,14.18,clear sky,0,0
115,Pacific Grove,US,2021-02-17 05:17:32,36.6177,-121.9166,53.6,71,1,4.61,clear sky,0,0
116,Goderich,CA,2021-02-17 05:18:56,43.7501,-81.7165,19.4,68,100,13.8,overcast clouds,0,0
117,Karratha,AU,2021-02-17 05:18:57,-20.7377,116.8463,88.83,58,80,13.67,broken clouds,0,0
118,Kholtoson,RU,2021-02-17 05:18:57,50.2981,103.3097,28.2,90,13,4.14,few clouds,0,0
119,Puerto Ayora,EC,2021-02-17 05:18:57,-0.7393,-90.3518,75.99,96,76,7.0,heavy intensity rain,0,0
120,Ylojarvi,FI,2021-02-17 05:18:57,61.5563,23.5961,-1.25,93,0,4.18,clear sky,0,0
121,Griffith,US,2021-02-17 05:18:57,41.5284,-87.4237,15.8,79,90,4.61,overcast clouds,0,0
122,Nangomba,TZ,2021-02-17 05:18:58,-10.9,38.5,75.6,84,100,9.22,overcast clouds,0,0
123,Belmonte,BR,2021-02-17 05:18:58,-15.8631,-38.8828,77.0,83,40,9.22,scattered clouds,0,0
124,Haines Junction,CA,2021-02-17 05:18:58,60.7522,-137.5108,6.6,90,99,0.22,overcast clouds,0,0
125,Minsk,BY,2021-02-17 05:16:31,53.9,27.5667,7.47,95,78,6.15,broken clouds,0,0
126,Mataura,NZ,2021-02-17 05:18:59,-46.1927,168.8643,63.9,42,0,6.08,clear sky,0,0
127,Gayeri,BF,2021-02-17 05:18:59,12.6497,0.4931,74.07,17,14,12.26,few clouds,0,0
128,Kulu,TR,2021-02-17 05:18:59,39.0951,33.0799,13.05,90,100,9.51,overcast clouds,0,0
129,Georgetown,MY,2021-02-17 05:15:04,5.4112,100.3354,84.16,63,2,1.92,clear sky,0,0
130,Kavaratti,IN,2021-02-17 05:18:59,10.5669,72.642,81.46,68,68,9.37,broken clouds,0,0
131,Chuy,UY,2021-02-17 05:19:00,-33.6971,-53.4616,63.68,96,5,7.58,clear sky,0,0
132,Cape Town,ZA,2021-02-17 05:19:00,-33.9258,18.4232,65.34,70,0,1.45,clear sky,0,0
133,Bamiantong,CN,2021-02-17 05:19:00,44.9333,130.5333,9.07,90,100,13.33,overcast clouds,0,0
134,Kaitangata,NZ,2021-02-17 05:19:01,-46.2817,169.8464,57.11,61,0,6.55,clear sky,0,0
135,Kavieng,PG,2021-02-17 05:19:01,-2.5744,150.7967,84.52,69,47,11.34,scattered clouds,0,0
136,Faya,SA,2021-02-17 05:19:01,18.3851,42.4509,62.15,36,1,4.99,clear sky,0,0
137,Tete,MZ,2021-02-17 05:19:02,-16.1564,33.5867,77.0,100,75,1.45,broken clouds,0,0
138,Shingu,JP,2021-02-17 05:19:02,33.7333,135.9833,39.2,56,75,24.16,broken clouds,0,0
139,Inhambane,MZ,2021-02-17 05:19:02,-23.865,35.3833,80.6,89,75,9.22,moderate rain,0,0
140,Kloulklubed,PW,2021-02-17 05:19:03,7.0419,134.2556,82.4,89,90,10.36,overcast clouds,0,0
141,Jiwani,PK,2021-02-17 05:19:03,25.05,61.7417,72.86,52,0,6.2,clear sky,0,0
142,Alice Springs,AU,2021-02-17 05:19:03,-23.7,133.8833,100.4,22,0,16.11,clear sky,0,0
143,Dali,CN,2021-02-17 05:19:03,25.7,100.1833,62.69,29,0,5.28,clear sky,0,0
144,Jamestown,US,2021-02-17 05:19:04,42.097,-79.2353,6.93,93,98,7.54,overcast clouds,0,0
145,Fortuna,US,2021-02-17 05:19:04,40.5982,-124.1573,46.99,93,75,9.22,broken clouds,0,0
146,Shihezi,CN,2021-02-17 05:19:04,44.3,86.0333,21.06,93,0,3.4,clear sky,0,0
147,North Las Vegas,US,2021-02-17 05:14:59,36.1989,-115.1175,57.2,19,1,5.75,clear sky,0,0
148,Medea,DZ,2021-02-17 05:19:04,36.2642,2.7539,43.25,60,62,5.77,broken clouds,0,0
149,Airai,TL,2021-02-17 05:19:04,-8.9266,125.4092,73.99,68,100,5.68,overcast clouds,0,0
150,Kaeo,NZ,2021-02-17 05:19:05,-35.1,173.7833,71.01,68,23,13.0,few clouds,0,0
151,Pali,IN,2021-02-17 05:19:05,25.7667,73.3333,80.47,21,0,7.23,clear sky,0,0
152,Mount Isa,AU,2021-02-17 05:19:05,-20.7333,139.5,87.8,48,75,16.11,broken clouds,0,0
153,Bethel,US,2021-02-17 05:19:05,41.3712,-73.414,35.6,55,1,11.5,clear sky,0,0
154,Ransang,PH,2021-02-17 05:19:05,8.9603,117.5828,82.58,72,39,10.83,scattered clouds,0,0
155,Esperance,AU,2021-02-17 05:19:06,-33.8667,121.9,84.2,61,40,14.97,scattered clouds,0,0
156,Fuling,CN,2021-02-17 05:19:06,29.7022,107.3919,63.61,52,100,1.9,overcast clouds,0,0
157,Arroio Grande,BR,2021-02-17 05:16:03,-32.2375,-53.0869,63.93,85,0,8.43,clear sky,0,0
158,Saint-Ambroise,CA,2021-02-17 05:19:06,48.5501,-71.3324,19.0,93,100,2.3,light snow,0,0
159,Sumbe,AO,2021-02-17 05:19:06,-11.2061,13.8437,76.86,79,99,3.83,overcast clouds,0,0
160,Dingle,PH,2021-02-17 05:19:07,10.9995,122.6711,83.84,70,97,13.06,overcast clouds,0,0
161,Merritt,CA,2021-02-17 05:15:04,50.1123,-120.7942,32.0,100,90,2.3,light rain,0,0
162,Ossora,RU,2021-02-17 05:19:07,59.2353,163.0719,17.31,96,100,9.86,light snow,0,0
163,Kushima,JP,2021-02-17 05:19:07,31.4583,131.2333,45.99,58,54,21.07,broken clouds,0,0
164,Hailakandi,IN,2021-02-17 05:19:07,24.6833,92.5667,85.46,22,0,3.74,clear sky,0,0
165,Katsuura,JP,2021-02-17 05:19:07,35.1333,140.3,55.0,24,11,15.01,few clouds,0,0
166,Korla,CN,2021-02-17 05:19:08,41.7597,86.1469,42.69,54,24,4.12,few clouds,0,0
167,Kawalu,ID,2021-02-17 05:19:08,-7.3817,108.2082,82.11,73,97,5.3,overcast clouds,0,0
168,Leningradskiy,RU,2021-02-17 05:19:08,69.3833,178.4167,-20.85,86,54,4.27,broken clouds,0,0
169,Hobyo,SO,2021-02-17 05:19:08,5.3505,48.5268,79.23,72,75,14.74,broken clouds,0,0
170,Scarborough,GB,2021-02-17 05:19:08,54.2797,-0.4044,41.0,90,55,4.0,broken clouds,0,0
171,Sibu,MY,2021-02-17 05:19:08,2.3,111.8167,87.01,74,40,1.14,scattered clouds,0,0
172,Tual,ID,2021-02-17 05:19:09,-5.6667,132.75,82.92,79,94,19.64,overcast clouds,0,0
173,Manama,BH,2021-02-17 05:18:48,26.2154,50.5832,67.95,65,40,14.34,scattered clouds,0,0
174,Byron Bay,AU,2021-02-17 05:19:09,-28.65,153.6167,75.2,69,75,21.85,light rain,0,0
175,Thompson,CA,2021-02-17 05:15:54,55.7435,-97.8558,-16.6,83,1,2.3,clear sky,0,0
176,Lorengau,PG,2021-02-17 05:19:09,-2.0226,147.2712,83.62,76,97,9.42,overcast clouds,0,0
177,Acajutla,SV,2021-02-17 05:19:09,13.5928,-89.8275,77.13,73,57,5.23,broken clouds,0,0
178,Hami,CN,2021-02-17 05:19:10,42.8,93.45,45.95,46,0,3.53,clear sky,0,0
179,Tuktoyaktuk,CA,2021-02-17 05:19:10,69.4541,-133.0374,-29.2,75,40,6.91,scattered clouds,0,0
180,Aksu,CN,2021-02-17 05:19:10,41.1231,80.2644,44.31,52,0,0.47,clear sky,0,0
181,Severo-Kurilsk,RU,2021-02-17 05:19:10,50.6789,156.125,30.63,90,43,17.92,scattered clouds,0,0
182,Skibbereen,IE,2021-02-17 05:19:11,51.55,-9.2667,45.54,71,56,18.86,broken clouds,0,0
183,Henties Bay,NA,2021-02-17 05:19:11,-22.116,14.2845,61.0,89,0,2.89,clear sky,0,0
184,Aksarka,RU,2021-02-17 05:19:11,66.5606,67.7975,-15.27,89,100,4.25,overcast clouds,0,0
185,Kamenka,RU,2021-02-17 05:19:11,51.3223,42.7678,-2.34,92,85,6.02,overcast clouds,0,0
186,Kruisfontein,ZA,2021-02-17 05:19:11,-34.0033,24.7314,57.0,93,0,1.01,clear sky,0,0
187,Mar Del Plata,AR,2021-02-17 05:19:11,-38.0023,-57.5575,65.39,90,100,8.97,overcast clouds,0,0
188,Clyde River,CA,2021-02-17 05:19:12,70.4692,-68.5914,-20.2,76,24,3.44,few clouds,0,0
189,Kibala,TD,2021-02-17 05:19:12,9.1104,18.3463,66.33,26,31,5.93,scattered clouds,0,0
190,Pokhara,NP,2021-02-17 05:15:02,28.2333,83.9833,71.37,24,99,4.94,overcast clouds,0,0
191,Olafsvik,IS,2021-02-17 05:19:12,64.8945,-23.7142,39.63,75,100,7.47,overcast clouds,0,0
192,Tecoanapa,MX,2021-02-17 05:19:13,16.5167,-98.75,70.25,79,54,4.45,broken clouds,0,0
193,Saskylakh,RU,2021-02-17 05:19:13,71.9167,114.0833,-20.97,84,100,14.85,overcast clouds,0,0
194,Sayansk,RU,2021-02-17 05:19:13,54.1088,102.1648,15.17,96,95,7.38,overcast clouds,0,0
195,Karasuk,RU,2021-02-17 05:19:13,53.7377,78.0403,3.22,94,100,8.86,overcast clouds,0,0
196,Atbasar,KZ,2021-02-17 05:17:05,51.8,68.3333,0.93,90,97,3.69,snow,0,0
197,Namibe,AO,2021-02-17 05:19:13,-15.1961,12.1522,71.78,78,0,3.76,clear sky,0,0
198,Vila Franca Do Campo,PT,2021-02-17 05:19:14,37.7167,-25.4333,55.81,77,85,15.01,overcast clouds,0,0
199,Saldanha,ZA,2021-02-17 05:19:14,-33.0117,17.9442,55.4,76,0,1.14,clear sky,0,0
200,Port Stanley,FK,2021-02-17 05:19:14,-51.7,-57.85,48.52,78,32,11.59,scattered clouds,0,0
201,Champasak,LA,2021-02-17 05:19:14,14.75,106.0,87.8,35,0,6.91,clear sky,0,0
202,Caravelas,BR,2021-02-17 05:19:14,-17.7125,-39.2481,78.51,83,100,10.04,overcast clouds,0,0
203,Kabinda,CD,2021-02-17 05:19:14,-6.1333,24.4833,67.89,96,100,3.13,overcast clouds,0,0
204,Corinto,GR,2021-02-17 05:19:15,37.9407,22.9573,33.98,78,0,0.94,clear sky,0,0
205,Najran,SA,2021-02-17 05:19:15,17.4924,44.1277,62.6,36,0,1.72,clear sky,0,0
206,Berlevag,NO,2021-02-17 05:19:15,70.8578,29.0864,19.4,79,0,20.71,clear sky,0,0
207,Salalah,OM,2021-02-17 05:19:15,17.0151,54.0924,74.39,46,80,1.19,broken clouds,0,0
208,Yulara,AU,2021-02-17 05:19:15,-25.2406,130.9889,100.4,14,71,17.27,broken clouds,0,0
209,Bonthe,SL,2021-02-17 05:19:15,7.5264,-12.505,77.95,88,79,6.04,broken clouds,0,0
210,Iquique,CL,2021-02-17 05:16:15,-20.2208,-70.1431,68.0,64,0,4.61,clear sky,0,0
211,Baruun-Urt,MN,2021-02-17 05:19:16,46.6806,113.2792,-5.06,86,42,13.35,scattered clouds,0,0
212,Vao,NC,2021-02-17 05:19:16,-22.6667,167.4833,82.33,77,3,7.54,clear sky,0,0
213,Thinadhoo,MV,2021-02-17 05:19:16,0.5333,72.9333,81.88,68,86,4.94,overcast clouds,0,0
214,Malakal,SS,2021-02-17 05:19:17,9.5334,31.6605,81.05,16,74,12.46,broken clouds,0,0
215,Ketchikan,US,2021-02-17 05:19:17,55.3422,-131.6461,35.6,100,90,3.44,overcast clouds,0,0
216,Lewisporte,CA,2021-02-17 05:19:17,49.2499,-55.0482,21.2,93,90,20.71,snow,0,0
217,Avarua,CK,2021-02-17 05:19:17,-21.2078,-159.775,84.27,65,86,4.74,light rain,0,0
218,Linjiang,CN,2021-02-17 05:19:17,41.8069,126.9078,5.16,81,100,10.04,overcast clouds,0,0
219,Kodino,RU,2021-02-17 05:19:18,63.7198,39.6447,-26.55,84,0,3.33,clear sky,0,0
220,Hammerfest,NO,2021-02-17 05:19:18,70.6634,23.6821,12.2,79,0,6.4,clear sky,0,0
221,Codrington,AU,2021-02-17 05:19:18,-38.2667,141.9667,86.04,35,2,15.99,clear sky,0,0
222,Roma,US,2021-02-17 05:19:18,43.2128,-75.4557,19.4,79,90,11.5,light snow,0,0
223,Atasu,KZ,2021-02-17 05:19:18,48.6814,71.6433,27.3,98,100,4.88,overcast clouds,0,0
224,Longyearbyen,SJ,2021-02-17 05:19:19,78.2186,15.6401,30.15,96,98,10.65,light snow,0,0
225,Asau,RO,2021-02-17 05:19:19,46.4333,26.4,21.43,80,64,5.55,broken clouds,0,0
226,Muros,ES,2021-02-17 05:19:19,42.7762,-9.0603,50.0,89,35,8.01,scattered clouds,0,0
227,Grindavik,IS,2021-02-17 05:19:19,63.8424,-22.4338,40.41,77,100,18.16,overcast clouds,0,0
228,Villarrica,PY,2021-02-17 05:19:19,-25.75,-56.4333,68.76,67,0,3.8,clear sky,0,0
229,Cartagena Del Chaira,CO,2021-02-17 05:16:11,1.3349,-74.8429,75.27,80,100,2.46,overcast clouds,0,0
230,Okha,RU,2021-02-17 05:19:20,53.5739,142.9478,20.03,96,100,27.72,overcast clouds,0,0
231,Vuktyl,RU,2021-02-17 05:19:20,63.8567,57.3094,-31.9,84,99,2.98,overcast clouds,0,0
232,Bilibino,RU,2021-02-17 05:19:20,68.0546,166.4372,-11.54,79,0,2.89,clear sky,0,0
233,Loviisa,FI,2021-02-17 05:19:20,60.4566,26.2251,1.78,93,1,5.75,clear sky,0,0
234,Norsup,VU,2021-02-17 05:19:20,-16.0667,167.3833,84.54,71,60,7.07,broken clouds,0,0
235,Portland,US,2021-02-17 05:16:36,45.5234,-122.6762,42.8,75,75,4.61,broken clouds,0,0
236,Adil-Yangiyurt,RU,2021-02-17 05:19:21,43.5633,46.5846,23.54,96,99,8.25,overcast clouds,0,0
237,Martapura,ID,2021-02-17 05:19:21,-3.4167,114.85,88.92,60,87,5.99,overcast clouds,0,0
238,Saraland,US,2021-02-17 05:19:21,30.8207,-88.0706,33.8,60,1,13.8,clear sky,0,0
239,Husavik,IS,2021-02-17 05:19:21,66.0449,-17.3389,35.6,87,90,6.91,overcast clouds,0,0
240,Destin,US,2021-02-17 05:19:21,30.3935,-86.4958,37.0,64,1,8.05,clear sky,0,0
241,San Patricio,US,2021-02-17 05:19:22,28.017,-97.5169,37.4,93,90,16.11,light rain,0,0
242,Tura,IN,2021-02-17 05:19:22,25.5198,90.2201,80.65,24,14,4.0,few clouds,0,0
243,Aykhal,RU,2021-02-17 05:19:22,66.0,111.5,-19.28,82,98,8.77,overcast clouds,0,0
244,Sioux Lookout,CA,2021-02-17 05:19:22,50.1001,-91.917,-9.4,77,1,2.3,clear sky,0,0
245,Sunland Park,US,2021-02-17 05:19:22,31.7965,-106.58,43.3,62,11,8.03,few clouds,0,0
246,Xining,CN,2021-02-17 05:19:22,36.6167,101.7667,33.35,71,100,2.55,overcast clouds,0,0
247,Kampong Chhnang,KH,2021-02-17 05:19:23,12.1667,104.55,85.84,49,34,8.41,scattered clouds,0,0
248,Bismarck,US,2021-02-17 05:18:01,46.8083,-100.7837,3.2,78,90,8.05,light snow,0,0
249,Oktyabrskiy,RU,2021-02-17 05:19:23,54.4815,53.471,-13.02,87,71,1.68,broken clouds,0,0
250,Cockburn Town,TC,2021-02-17 05:19:23,21.4612,-71.1419,77.76,79,0,19.37,clear sky,0,0
251,Namatanai,PG,2021-02-17 05:19:23,-3.6667,152.4333,82.44,78,36,9.28,moderate rain,0,0
252,Montlucon,FR,2021-02-17 05:19:23,46.3333,2.6,45.0,82,84,7.29,broken clouds,0,0
253,Iqaluit,CA,2021-02-17 05:19:24,63.7506,-68.5145,-16.01,69,1,2.3,clear sky,0,0
254,Nanortalik,GL,2021-02-17 05:19:24,60.1432,-45.2371,14.5,86,26,14.97,scattered clouds,0,0
255,Carman,CA,2021-02-17 05:19:24,49.4992,-98.0016,-7.6,77,0,3.44,clear sky,0,0
256,Tripoli,LY,2021-02-17 05:15:40,32.8752,13.1875,50.27,62,0,9.55,clear sky,0,0
257,Ulmi,RO,2021-02-17 05:19:25,44.4867,25.7803,21.99,73,0,2.3,clear sky,0,0
258,Rawson,AR,2021-02-17 05:19:25,-43.3002,-65.1023,62.83,70,0,10.83,clear sky,0,0
259,Rafsanjan,IR,2021-02-17 05:15:13,30.4067,55.9939,60.28,26,0,9.44,clear sky,0,0
260,Sitka,US,2021-02-17 05:19:25,57.0531,-135.33,35.6,93,90,4.61,light rain,0,0
261,Talaya,RU,2021-02-17 05:19:26,61.3833,152.75,-18.15,84,100,3.33,overcast clouds,0,0
262,Bereda,ES,2021-02-17 05:19:26,43.2686,-7.5406,38.77,92,85,4.03,overcast clouds,0,0
263,Manjakandriana,MG,2021-02-17 05:19:26,-18.9167,47.8,69.8,83,75,5.75,broken clouds,0,0
264,Tessalit,ML,2021-02-17 05:19:26,20.1986,1.0114,63.25,30,55,30.47,broken clouds,0,0
265,Bandar-E Anzali,IR,2021-02-17 05:19:26,37.4727,49.4622,50.54,87,100,7.92,overcast clouds,0,0
266,Sao Joao Da Barra,BR,2021-02-17 05:19:26,-21.6403,-41.0511,75.31,91,0,2.17,clear sky,0,0
267,Maltahohe,NA,2021-02-17 05:19:27,-24.8333,16.9833,63.86,35,0,1.79,clear sky,0,0
268,Sorong,ID,2021-02-17 05:17:22,-0.8833,131.25,86.34,66,21,12.08,light rain,0,0
269,Rosarito,MX,2021-02-17 05:19:27,32.3333,-117.0333,54.39,79,33,1.05,scattered clouds,0,0
270,Tsaratanana,MG,2021-02-17 05:19:27,-16.7833,47.65,78.69,76,96,1.72,overcast clouds,0,0
271,Tabou,CI,2021-02-17 05:19:27,4.423,-7.3528,77.61,87,100,3.96,light rain,0,0
272,Kalakamati,BW,2021-02-17 05:19:27,-20.5929,27.3121,62.6,100,90,8.05,overcast clouds,0,0
273,Marawi,PH,2021-02-17 05:19:28,7.9986,124.2928,82.0,82,100,4.0,overcast clouds,0,0
274,Manuk Mangkaw,PH,2021-02-17 05:19:28,4.8,119.85,82.13,81,70,20.04,broken clouds,0,0
275,Hasaki,JP,2021-02-17 05:19:28,35.7333,140.8333,51.01,37,75,13.8,broken clouds,0,0
276,Teya,RU,2021-02-17 05:19:28,60.3778,92.6267,2.39,88,67,2.28,broken clouds,0,0
277,Tuchkovo,RU,2021-02-17 05:19:28,55.6011,36.4681,6.12,96,99,4.81,light snow,0,0
278,Lhokseumawe,ID,2021-02-17 05:14:58,5.1801,97.1507,85.41,60,1,8.66,clear sky,0,0
279,Qaqortoq,GL,2021-02-17 05:19:29,60.7167,-46.0333,14.0,52,75,5.75,broken clouds,0,0
280,Asosa,ET,2021-02-17 05:19:29,10.0667,34.5333,72.99,22,72,8.16,broken clouds,0,0
281,Mezen,RU,2021-02-17 05:19:29,65.8522,44.24,-19.17,88,91,4.12,overcast clouds,0,0
282,Faanui,PF,2021-02-17 05:19:30,-16.4833,-151.75,82.53,65,0,6.71,clear sky,0,0
283,Sumoto,JP,2021-02-17 05:19:30,34.35,134.9,39.2,80,75,14.97,broken clouds,0,0
284,Diamantino,BR,2021-02-17 05:19:30,-14.4086,-56.4461,71.1,93,97,3.24,overcast clouds,0,0
285,Azuaga,ES,2021-02-17 05:19:30,38.2667,-5.6833,46.0,89,100,1.99,overcast clouds,0,0
286,Samarai,PG,2021-02-17 05:19:30,-10.6167,150.6667,81.73,79,100,9.33,overcast clouds,0,0
287,Kansanshi,ZM,2021-02-17 05:19:30,-12.0951,26.4273,61.36,98,100,4.97,overcast clouds,0,0
288,Turan,VN,2021-02-17 05:19:31,16.0678,108.2208,78.8,57,20,5.75,few clouds,0,0
289,Komsomolskiy,UZ,2021-02-17 05:19:31,40.4272,71.7189,51.84,40,0,1.16,clear sky,0,0
290,Torbay,CA,2021-02-17 05:19:31,47.6666,-52.7314,28.99,100,90,20.71,snow,0,0
291,Shimoda,JP,2021-02-17 05:19:31,34.6667,138.95,50.0,46,20,20.71,few clouds,0,0
292,Ribeira Grande,PT,2021-02-17 05:19:32,38.5167,-28.7,59.25,73,82,22.86,broken clouds,0,0
293,Coahuayana,MX,2021-02-17 05:19:32,18.7333,-103.6833,61.72,86,2,3.6,clear sky,0,0
294,Dwarka,IN,2021-02-17 05:19:32,22.2394,68.9678,76.57,54,0,8.68,clear sky,0,0
295,Ilulissat,GL,2021-02-17 05:19:32,69.2167,-51.1,5.0,61,90,5.75,overcast clouds,0,0
296,Grand Gaube,MU,2021-02-17 05:19:32,-20.0064,57.6608,87.01,73,100,4.0,overcast clouds,0,0
297,Palu,ID,2021-02-17 05:19:32,-0.8917,119.8707,87.12,62,94,5.19,overcast clouds,0,0
298,Aasiaat,GL,2021-02-17 05:19:33,68.7098,-52.8699,-7.08,87,36,5.23,scattered clouds,0,0
299,Bloomfield,US,2021-02-17 05:15:54,40.8068,-74.1854,35.6,51,75,8.05,broken clouds,0,0
300,High River,CA,2021-02-17 05:18:37,50.5834,-113.8687,13.33,96,100,3.98,light snow,0,0
301,Atencingo,MX,2021-02-17 05:19:33,18.5167,-98.6,62.2,31,1,1.3,clear sky,0,0
302,Danilov,RU,2021-02-17 05:19:33,58.1908,40.1717,-0.58,94,92,4.0,overcast clouds,0,0
303,Igurusi,TZ,2021-02-17 05:19:34,-8.85,33.85,67.89,82,100,0.6,overcast clouds,0,0
304,College,US,2021-02-17 05:19:34,64.8569,-147.8028,10.99,78,90,2.57,mist,0,0
305,Luis Correia,BR,2021-02-17 05:19:34,-2.8792,-41.6669,74.07,93,100,6.98,overcast clouds,0,0
306,Takoradi,GH,2021-02-17 05:15:03,4.8845,-1.7554,79.25,86,93,7.54,overcast clouds,0,0
307,Avera,US,2021-02-17 05:19:34,33.194,-82.5271,30.2,80,1,6.91,clear sky,0,0
308,Saint-Francois,FR,2021-02-17 05:19:34,46.4154,3.9054,39.2,93,90,4.61,overcast clouds,0,0
309,Sungaipenuh,ID,2021-02-17 05:19:35,-2.0833,101.3833,77.92,74,50,1.3,scattered clouds,0,0
310,Birin,NP,2021-02-17 05:19:35,26.8865,88.0718,63.41,40,0,5.5,clear sky,0,0
311,Los Llanos De Aridane,ES,2021-02-17 05:19:35,28.6585,-17.9182,62.6,45,75,5.75,broken clouds,0,0
312,Paamiut,GL,2021-02-17 05:19:35,61.994,-49.6678,8.92,83,6,15.35,clear sky,0,0
313,Mayumba,GA,2021-02-17 05:17:13,-3.432,10.6554,79.52,84,97,6.22,overcast clouds,0,0
314,Buraydah,SA,2021-02-17 05:19:35,26.326,43.975,69.78,38,56,11.25,broken clouds,0,0
315,Iskilip,TR,2021-02-17 05:19:36,40.7353,34.4739,15.17,92,100,5.55,overcast clouds,0,0
316,Cidreira,BR,2021-02-17 05:19:36,-30.1811,-50.2056,69.19,85,0,9.28,clear sky,0,0
317,Ambilobe,MG,2021-02-17 05:19:36,-13.2,49.05,81.9,83,17,1.57,few clouds,0,0
318,Jutai,BR,2021-02-17 05:19:36,-5.1833,-68.9,73.92,95,100,0.09,light rain,0,0
319,Zholymbet,KZ,2021-02-17 05:19:37,51.7433,71.7122,2.46,89,100,2.95,overcast clouds,0,0
320,Tirau,NZ,2021-02-17 05:19:37,-37.9833,175.75,71.01,58,4,7.0,clear sky,0,0
321,Victoria,HK,2021-02-17 05:16:19,22.2855,114.1577,73.0,60,0,1.01,clear sky,0,0
322,Sao Filipe,CV,2021-02-17 05:19:37,14.8961,-24.4956,71.31,72,78,6.33,broken clouds,0,0
323,Stuttgart,DE,2021-02-17 05:15:59,48.7823,9.177,45.0,76,40,5.75,scattered clouds,0,0
324,Kununurra,AU,2021-02-17 05:19:38,-15.7667,128.7333,96.8,26,92,5.75,overcast clouds,0,0
325,Asfi,MA,2021-02-17 05:19:38,32.2994,-9.2372,56.32,84,83,9.06,broken clouds,0,0
326,Narsaq,GL,2021-02-17 05:19:38,60.9167,-46.05,5.95,83,26,4.76,scattered clouds,0,0
327,Verkhnetulomskiy,RU,2021-02-17 05:19:38,68.6073,31.7962,-16.6,76,0,4.27,clear sky,0,0
328,Tuatapere,NZ,2021-02-17 05:19:38,-46.1333,167.6833,62.01,61,0,8.99,clear sky,0,0
329,Cacak,RS,2021-02-17 05:19:38,43.8914,20.3497,26.6,80,40,1.14,scattered clouds,0,0
330,Beringovskiy,RU,2021-02-17 05:19:39,63.05,179.3167,-14.35,86,43,13.35,scattered clouds,0,0
331,Antalya,TR,2021-02-17 05:19:39,36.7741,30.7178,39.2,33,40,17.27,scattered clouds,0,0
332,Tshikapa,CD,2021-02-17 05:19:39,-6.4167,20.8,72.64,88,100,2.28,overcast clouds,0,0
333,Mangan,IN,2021-02-17 05:19:39,27.5167,88.5333,68.11,26,0,4.29,clear sky,0,0
334,Beyneu,KZ,2021-02-17 05:19:40,45.3167,55.2,41.09,84,61,15.26,broken clouds,0,0
335,Pitea,SE,2021-02-17 05:19:40,65.3172,21.4794,-9.4,77,0,2.3,clear sky,0,0
336,Poum,NC,2021-02-17 05:19:40,-20.2333,164.0167,82.36,79,56,9.42,broken clouds,0,0
337,Souillac,MU,2021-02-17 05:19:40,-20.5167,57.5167,82.4,83,40,6.91,scattered clouds,0,0
338,Bathsheba,BB,2021-02-17 05:19:41,13.2167,-59.5167,78.8,65,40,17.27,scattered clouds,0,0
339,Ostrovnoy,RU,2021-02-17 05:19:41,68.0531,39.5131,0.5,89,18,14.83,few clouds,0,0
340,Marzuq,YE,2021-02-17 05:19:41,14.4,46.4667,72.39,23,94,2.55,overcast clouds,0,0
341,Araouane,ML,2021-02-17 05:19:41,18.9048,-3.5265,73.85,18,96,9.73,overcast clouds,0,0
342,Babu,CN,2021-02-17 05:19:41,24.4167,111.5167,68.97,49,3,5.66,clear sky,0,0
343,Khowst,AF,2021-02-17 05:19:42,33.3833,69.8833,60.12,27,0,0.27,clear sky,0,0
344,Arlit,NE,2021-02-17 05:19:42,18.7369,7.3853,55.09,38,0,9.37,clear sky,0,0
345,Kichera,RU,2021-02-17 05:19:42,55.9375,110.0997,4.98,88,100,3.47,light snow,0,0
346,Colares,PT,2021-02-17 05:19:43,38.7992,-9.4469,57.09,94,100,7.7,overcast clouds,0,0
347,Afua,BR,2021-02-17 05:19:43,-0.1567,-50.3867,74.64,89,66,6.51,broken clouds,0,0
348,Ico,BR,2021-02-17 05:19:43,-6.4011,-38.8622,72.21,93,100,1.81,overcast clouds,0,0
349,Darhan,MN,2021-02-17 05:19:43,49.4867,105.9228,16.36,91,0,9.26,clear sky,0,0
350,Saint-Raphael,HT,2021-02-17 05:19:43,19.4333,-72.2,68.2,84,6,1.23,clear sky,0,0
351,Latung,PH,2021-02-17 05:19:43,5.5,120.8833,82.51,81,43,18.28,scattered clouds,0,0
352,Nizhniy Kuranakh,RU,2021-02-17 05:19:44,58.8353,125.4869,-7.38,86,11,2.57,few clouds,0,0
353,Bridlington,GB,2021-02-17 05:19:44,54.0831,-0.1919,41.0,86,51,11.99,broken clouds,0,0
354,Una,IN,2021-02-17 05:19:44,20.8167,71.0333,82.81,24,0,10.78,clear sky,0,0
355,Klyuchi,RU,2021-02-17 05:19:44,52.2667,79.1667,14.52,93,100,9.13,overcast clouds,0,0
356,Anori,BR,2021-02-17 05:19:44,-3.7728,-61.6442,74.95,90,91,1.95,overcast clouds,0,0
357,Geraldton,AU,2021-02-17 05:19:44,-28.7667,114.6,77.0,69,75,16.11,broken clouds,0,0
358,Khandyga,RU,2021-02-17 05:19:45,62.6667,135.6,-20.16,85,100,1.16,overcast clouds,0,0
359,Adrar,MR,2021-02-17 05:19:45,20.5022,-10.0711,65.03,26,100,12.53,overcast clouds,0,0
360,Te Anau,NZ,2021-02-17 05:19:45,-45.4167,167.7167,68.14,35,0,2.28,clear sky,0,0
361,Maunabo,PR,2021-02-17 05:19:45,18.0072,-65.8993,75.2,80,11,12.97,few clouds,0,0
362,Svobodnyy,RU,2021-02-17 05:19:46,51.4,128.1333,7.86,89,98,17.92,overcast clouds,0,0
363,Oistins,BB,2021-02-17 05:19:46,13.0667,-59.5333,78.8,65,40,17.27,scattered clouds,0,0
364,Bengkulu,ID,2021-02-17 05:19:46,-3.8004,102.2655,85.84,61,97,5.12,overcast clouds,0,0
365,Vila Velha,BR,2021-02-17 05:19:46,-20.3297,-40.2925,75.2,94,75,1.14,broken clouds,0,0
366,Sinnamary,GF,2021-02-17 05:19:46,5.3833,-52.95,75.02,82,6,12.55,clear sky,0,0
367,Chaoyang,CN,2021-02-17 05:19:47,41.5703,120.4586,17.92,59,6,20.98,clear sky,0,0
368,Pringsewu,ID,2021-02-17 05:19:47,-5.3582,104.9744,77.88,87,100,1.97,overcast clouds,0,0
369,La Rioja,ES,2021-02-17 05:19:47,42.25,-2.5,41.0,93,75,5.37,mist,0,0
370,Bac Lieu,VN,2021-02-17 05:19:47,9.285,105.7244,82.18,57,51,20.15,broken clouds,0,0
371,Fecamp,FR,2021-02-17 05:19:48,49.7579,0.3746,48.2,81,0,12.66,clear sky,0,0
372,Kashan,IR,2021-02-17 05:19:48,33.9831,51.4364,61.12,31,100,1.79,overcast clouds,0,0
373,Vestmannaeyjar,IS,2021-02-17 05:19:48,63.4427,-20.2734,40.53,75,100,21.5,overcast clouds,0,0
374,Meulaboh,ID,2021-02-17 05:19:48,4.1363,96.1285,87.51,61,0,5.77,clear sky,0,0
375,Ahipara,NZ,2021-02-17 05:19:48,-35.1667,173.1667,71.24,67,40,6.2,scattered clouds,0,0
376,Damietta,EG,2021-02-17 05:19:48,31.4165,31.8133,47.68,70,78,28.68,broken clouds,0,0
377,Fomboni,KM,2021-02-17 05:19:49,-12.28,43.7425,82.56,79,94,16.15,overcast clouds,0,0
378,Lerwick,GB,2021-02-17 05:19:49,60.1545,-1.1494,44.6,81,4,14.97,clear sky,0,0
379,Suhbaatar,MN,2021-02-17 05:19:49,50.2314,106.2078,12.43,91,45,7.09,scattered clouds,0,0
380,Usogorsk,RU,2021-02-17 05:19:49,63.4106,48.6872,-22.68,85,98,2.68,overcast clouds,0,0
381,Simpang,ID,2021-02-17 05:19:49,-1.2667,104.0833,87.42,53,58,7.63,broken clouds,0,0
382,Vostok,RU,2021-02-17 05:19:50,46.4856,135.8833,10.18,96,100,9.24,snow,0,0
383,Isetskoye,RU,2021-02-17 05:19:50,56.4858,65.3226,-12.5,86,10,11.21,clear sky,0,0
384,Mookane,BW,2021-02-17 05:19:50,-23.688,26.6595,66.04,82,22,3.87,few clouds,0,0
385,Severnoye,RU,2021-02-17 05:19:50,56.3491,78.3619,-4.05,91,14,9.6,few clouds,0,0
386,Tulum,MX,2021-02-17 05:19:50,20.2167,-87.4667,70.29,95,28,5.5,scattered clouds,0,0
387,San Carlos De Bariloche,AR,2021-02-17 05:19:50,-41.1456,-71.3082,47.07,59,0,6.42,clear sky,0,0
388,Puerto Baquerizo Moreno,EC,2021-02-17 05:19:51,-0.9,-89.6,77.47,85,55,2.86,light rain,0,0
389,Potsdam,DE,2021-02-17 05:19:51,52.3989,13.0657,38.57,97,100,10.76,moderate rain,0,0
390,Batagay,RU,2021-02-17 05:19:51,67.6333,134.6333,-21.06,84,53,1.9,broken clouds,0,0
391,Tres Passos,BR,2021-02-17 05:19:51,-27.4556,-53.9319,62.01,94,0,1.16,clear sky,0,0
392,Zlobin,HR,2021-02-17 05:19:51,45.2924,14.6541,42.8,65,40,1.66,scattered clouds,0,0
393,Tanete,ID,2021-02-17 05:19:52,-3.9443,119.7848,92.35,46,35,11.81,scattered clouds,0,0
394,Macklin,CA,2021-02-17 05:19:52,52.3334,-109.9348,-4.7,92,75,4.85,broken clouds,0,0
395,Paoua,CF,2021-02-17 05:19:52,7.2427,16.4406,62.4,26,69,5.88,broken clouds,0,0
396,Mehamn,NO,2021-02-17 05:19:52,71.0357,27.8492,19.4,79,0,20.71,clear sky,0,0
397,Marondera,ZW,2021-02-17 05:19:52,-18.1853,31.5519,56.55,99,100,12.35,light rain,0,0
398,Kholodnyy,RU,2021-02-17 05:19:52,62.7167,147.95,-4.5,86,100,3.33,overcast clouds,0,0
399,Shache,CN,2021-02-17 05:19:53,38.4167,77.2406,47.14,45,15,2.51,few clouds,0,0
400,Guarizama,HN,2021-02-17 05:19:53,14.9167,-86.3333,77.0,78,40,2.17,scattered clouds,0,0
401,Tuy Hoa,VN,2021-02-17 05:19:53,13.0833,109.3,75.72,71,48,15.3,scattered clouds,0,0
402,Tobol,KZ,2021-02-17 05:19:53,52.6844,62.5794,-6.99,86,80,4.29,broken clouds,0,0
403,Ghanzi,BW,2021-02-17 05:19:53,-21.5667,21.7833,66.67,92,75,5.55,broken clouds,0,0
404,Buala,SB,2021-02-17 05:19:54,-8.145,159.5921,84.6,73,99,2.39,moderate rain,0,0
405,Honningsvag,NO,2021-02-17 05:19:54,70.9821,25.9704,21.2,79,75,19.57,broken clouds,0,0
406,Mikhaylovsk,RU,2021-02-17 05:19:54,45.1283,42.0256,8.6,92,90,13.42,snow,0,0
407,Kendari,ID,2021-02-17 05:19:54,-3.945,122.4989,91.02,54,91,2.86,overcast clouds,0,0
408,Jinchang,CN,2021-02-17 05:19:54,38.4953,102.1739,42.94,47,92,4.25,overcast clouds,0,0
409,Riyadh,SA,2021-02-17 05:16:08,24.6877,46.7219,68.0,19,0,13.8,clear sky,0,0
410,Kupang,ID,2021-02-17 05:19:55,-10.1667,123.5833,80.6,94,75,12.66,broken clouds,0,0
411,Puerto Penasco,MX,2021-02-17 05:19:55,31.3167,-113.5333,62.44,67,47,11.5,scattered clouds,0,0
412,Tumpat,MY,2021-02-17 05:19:55,6.1978,102.171,84.2,58,20,10.36,few clouds,0,0
413,Cayenne,GF,2021-02-17 05:19:55,4.9333,-52.3333,75.18,79,19,10.94,few clouds,0,0
414,Naze,JP,2021-02-17 05:19:55,28.3667,129.4833,55.4,54,75,21.85,broken clouds,0,0
415,Mattru,SL,2021-02-17 05:19:56,7.6244,-11.8332,75.42,93,55,2.17,broken clouds,0,0
416,Deputatskiy,RU,2021-02-17 05:19:56,69.3,139.9,-17.57,88,95,1.05,overcast clouds,0,0
417,Vilhena,BR,2021-02-17 05:19:56,-12.7406,-60.1458,69.49,99,100,1.41,overcast clouds,0,0
418,Kulhudhuffushi,MV,2021-02-17 05:19:56,6.6221,73.07,81.12,68,76,7.85,broken clouds,0,0
419,Smithers,CA,2021-02-17 05:19:56,54.7804,-127.1743,19.4,86,90,3.67,overcast clouds,0,0
420,Rumia,PL,2021-02-17 05:19:56,54.5709,18.388,25.0,93,90,11.5,snow,0,0
421,Santa Rosa,PH,2021-02-17 05:15:04,14.3122,121.1114,85.23,56,10,8.08,clear sky,0,0
422,Yining,CN,2021-02-17 05:19:57,29.0361,114.5636,64.33,32,0,3.96,clear sky,0,0
423,Richards Bay,ZA,2021-02-17 05:19:57,-28.783,32.0377,66.58,79,30,10.4,scattered clouds,0,0
424,Port-Gentil,GA,2021-02-17 05:19:57,-0.7193,8.7815,81.5,82,94,13.67,overcast clouds,0,0
425,High Prairie,CA,2021-02-17 05:19:58,55.4334,-116.4858,-4.0,84,30,5.75,scattered clouds,0,0
426,Payson,US,2021-02-17 05:19:58,40.0444,-111.7321,30.99,86,40,6.91,light snow,0,0
427,Ngemplak,ID,2021-02-17 05:19:58,-7.5497,110.7164,84.0,73,98,2.44,light rain,0,0
428,Roald,NO,2021-02-17 05:19:58,62.5833,6.1333,41.0,56,90,13.8,overcast clouds,0,0
429,Erenhot,CN,2021-02-17 05:19:58,43.6475,111.9767,7.18,80,0,4.29,clear sky,0,0
430,Luchegorsk,RU,2021-02-17 05:19:58,46.4764,134.2569,15.94,94,100,16.46,light snow,0,0
431,Tiznit,MA,2021-02-17 05:19:59,29.5833,-9.5,51.94,42,0,6.13,clear sky,0,0
432,Lavrentiya,RU,2021-02-17 05:19:59,65.5833,-171.0,-19.03,83,0,9.08,clear sky,0,0
433,Rongcheng,CN,2021-02-17 05:19:59,30.634,117.8517,52.11,52,0,6.17,clear sky,0,0
434,Bambous Virieux,MU,2021-02-17 05:19:59,-20.3428,57.7575,87.01,83,40,6.91,scattered clouds,0,0
435,Nieves,PH,2021-02-17 05:19:59,15.3274,120.9485,86.34,54,14,6.31,few clouds,0,0
436,Busembatia,UG,2021-02-17 05:19:59,0.7697,33.6131,71.73,77,100,5.57,overcast clouds,0,0
437,Dondo,MZ,2021-02-17 05:20:00,-19.6094,34.7431,71.01,94,90,18.41,moderate rain,0,0
438,Slave Lake,CA,2021-02-17 05:20:00,55.2834,-114.769,-2.2,78,1,5.75,clear sky,0,0
439,Huambo,AO,2021-02-17 05:20:00,-12.7761,15.7392,58.24,76,84,3.06,broken clouds,0,0
440,Port Lincoln,AU,2021-02-17 05:20:00,-34.7333,135.8667,84.83,34,0,15.35,clear sky,0,0
441,Forquilhinha,BR,2021-02-17 05:20:01,-28.7475,-49.4722,63.95,91,0,2.93,clear sky,0,0
442,Nuuk,GL,2021-02-17 05:20:01,64.1835,-51.7216,10.4,67,20,12.66,few clouds,0,0
443,Ternate,ID,2021-02-17 05:20:01,0.8,127.4,83.66,75,54,11.81,broken clouds,0,0
444,Puerto Colombia,CO,2021-02-17 05:20:03,10.9878,-74.9547,80.6,78,20,8.05,few clouds,0,0
445,Tautira,PF,2021-02-17 05:20:03,-17.7333,-149.15,81.41,69,38,9.15,scattered clouds,0,0
446,Arman,RU,2021-02-17 05:20:03,59.7,150.1667,3.4,85,5,11.03,clear sky,0,0
447,Kuandian,CN,2021-02-17 05:20:03,40.7286,124.7847,9.19,78,95,12.46,overcast clouds,0,0
448,Anloga,GH,2021-02-17 05:20:04,5.7947,0.8973,82.47,81,97,12.62,overcast clouds,0,0
449,Lensk,RU,2021-02-17 05:20:04,60.7253,114.9278,-4.63,82,98,3.38,overcast clouds,0,0
450,Margate,GB,2021-02-17 05:15:18,51.3813,1.3862,48.0,82,94,5.01,overcast clouds,0,0
451,San Quintin,MX,2021-02-17 05:20:04,30.4833,-115.95,56.7,83,63,14.47,broken clouds,0,0
452,Monte Alegre De Sergipe,BR,2021-02-17 05:20:04,-10.0272,-37.5622,76.84,74,100,5.1,overcast clouds,0,0
453,Rancho Palos Verdes,US,2021-02-17 05:20:04,33.7445,-118.387,58.86,44,54,15.28,broken clouds,0,0
454,Camacha,PT,2021-02-17 05:20:05,33.0833,-16.3333,61.0,73,98,11.99,overcast clouds,0,0
455,Altay,CN,2021-02-17 05:20:05,47.8667,88.1167,28.22,83,6,1.19,clear sky,0,0
456,Moron,AR,2021-02-17 05:17:14,-34.6534,-58.6198,68.0,93,4,1.01,clear sky,0,0
457,Opunake,NZ,2021-02-17 05:20:05,-39.4556,173.8583,62.62,60,0,22.12,clear sky,0,0
458,Calbuco,CL,2021-02-17 05:20:05,-41.768,-73.1273,51.8,87,75,2.3,broken clouds,0,0
459,Mancio Lima,BR,2021-02-17 05:20:06,-7.6142,-72.8958,73.2,97,100,0.81,overcast clouds,0,0
460,Huai Yot,TH,2021-02-17 05:20:06,7.7893,99.6348,90.0,45,20,9.22,few clouds,0,0
461,Fergus Falls,US,2021-02-17 05:20:06,46.283,-96.0776,-13.5,88,58,7.09,broken clouds,0,0
462,Hlotse,LS,2021-02-17 05:20:06,-28.8718,28.045,55.67,78,0,2.62,clear sky,0,0
463,Lalibela,ET,2021-02-17 05:16:13,12.0333,39.0333,63.59,51,89,0.78,overcast clouds,0,0
464,Viedma,AR,2021-02-17 05:20:06,-40.8135,-62.9967,57.99,85,0,12.73,clear sky,0,0
465,Bubaque,GW,2021-02-17 05:20:07,11.2833,-15.8333,77.16,65,79,10.85,broken clouds,0,0
466,Urumqi,CN,2021-02-17 05:20:07,43.801,87.6005,34.92,79,2,4.0,clear sky,0,0
467,Misratah,LY,2021-02-17 05:20:07,32.3754,15.0925,50.59,63,18,12.77,few clouds,0,0
468,Puno,PE,2021-02-17 05:20:07,-15.8333,-70.0333,39.43,71,1,7.0,clear sky,0,0
469,Oga,IT,2021-02-17 05:20:07,46.4631,10.347,41.0,100,90,2.3,heavy snow,0,0
470,Digha,IN,2021-02-17 05:20:07,21.6833,87.55,82.92,39,0,2.73,clear sky,0,0
471,Gushikawa,JP,2021-02-17 05:20:08,26.3544,127.8686,59.0,62,90,16.11,overcast clouds,0,0
472,Cabo Rojo,PR,2021-02-17 05:20:08,18.0866,-67.1457,75.0,79,0,5.01,clear sky,0,0
473,Novyy Urengoy,RU,2021-02-17 05:20:08,66.0833,76.6333,-17.23,87,100,11.88,overcast clouds,0,0
474,Jega,NG,2021-02-17 05:20:08,12.2175,4.3792,72.03,21,17,19.91,few clouds,0,0
475,Mayo,US,2021-02-17 05:20:08,38.8876,-76.5119,30.99,55,1,14.97,clear sky,0,0
476,Agde,FR,2021-02-17 05:20:09,43.3108,3.4758,39.2,93,89,5.75,mist,0,0
477,Constitucion,CL,2021-02-17 05:15:56,-35.3333,-72.4167,53.82,85,60,6.87,broken clouds,0,0
478,Acarau,BR,2021-02-17 05:20:09,-2.8856,-40.12,73.06,93,100,5.01,overcast clouds,0,0
479,Quesnel,CA,2021-02-17 05:20:09,52.9999,-122.5029,19.4,93,75,2.3,broken clouds,0,0
480,Zhenlai,CN,2021-02-17 05:20:09,45.8495,123.2973,14.86,66,99,19.42,overcast clouds,0,0
481,Tombouctou,ML,2021-02-17 05:20:09,20.0,-3.0,74.77,17,100,13.91,overcast clouds,0,0
482,Tutoia,BR,2021-02-17 05:20:10,-2.7619,-42.2744,74.28,95,100,11.32,light rain,0,0
483,Alta Floresta,BR,2021-02-17 05:20:10,-9.8756,-56.0861,71.17,97,100,1.5,moderate rain,0,0
484,Marystown,CA,2021-02-17 05:17:09,47.1666,-55.1483,30.27,98,100,26.06,overcast clouds,0,0
485,Bernalillo,US,2021-02-17 05:16:36,35.05,-106.6673,32.0,64,40,5.68,scattered clouds,0,0
486,Derazhnya,UA,2021-02-17 05:20:10,49.2692,27.4338,9.91,95,79,8.75,broken clouds,0,0
487,Tucumcari,US,2021-02-17 05:20:10,35.1717,-103.725,19.4,86,90,9.22,overcast clouds,0,0
488,Nanyamba,TZ,2021-02-17 05:20:11,-10.6833,39.8333,77.0,94,75,11.5,broken clouds,0,0
489,Diego De Almagro,CL,2021-02-17 05:18:21,-26.3667,-70.05,55.22,56,0,1.1,clear sky,0,0
490,Sisophon,KH,2021-02-17 05:20:11,13.5859,102.9737,90.84,43,21,7.63,few clouds,0,0
491,Maceio,BR,2021-02-17 05:20:11,-9.6658,-35.7353,77.0,88,0,5.75,clear sky,0,0
492,Hurricane,US,2021-02-17 05:20:11,37.1753,-113.2899,44.6,49,1,6.8,clear sky,0,0
493,Qasigiannguit,GL,2021-02-17 05:20:12,68.8193,-51.1922,-14.69,69,0,1.1,clear sky,0,0
494,Zyryanka,RU,2021-02-17 05:20:12,65.75,150.85,-13.68,88,100,7.58,overcast clouds,0,0
495,Zinder,NE,2021-02-17 05:20:12,13.8072,8.9881,60.8,33,0,18.97,clear sky,0,0
496,Guane,CU,2021-02-17 05:20:13,22.2025,-84.0875,72.54,89,0,3.42,clear sky,0,0
497,Mereni,RO,2021-02-17 05:20:13,44.05,28.3667,17.17,89,0,2.28,clear sky,0,0
498,Khorixas,NA,2021-02-17 05:20:13,-20.3667,14.9667,70.79,38,0,2.19,clear sky,0,0
499,Arzgir,RU,2021-02-17 05:20:13,45.3728,44.2206,16.16,96,100,9.6,light snow,0,0
500,Erzin,TR,2021-02-17 05:17:22,36.9559,36.2,42.01,60,98,8.01,light rain,0,0
501,Cessnock,AU,2021-02-17 05:20:14,-32.8333,151.35,77.0,67,78,10.71,broken clouds,0,0
502,Itaberaba,BR,2021-02-17 05:20:14,-12.5275,-40.3069,71.53,89,100,0.72,overcast clouds,0,0
503,Tefe,BR,2021-02-17 05:20:14,-3.3542,-64.7114,76.12,83,98,2.08,overcast clouds,0,0
504,Rengo,CL,2021-02-17 05:20:14,-34.4167,-70.8667,57.2,82,20,3.44,few clouds,0,0
505,Comodoro Rivadavia,AR,2021-02-17 05:15:20,-45.8667,-67.5,62.6,42,0,12.66,clear sky,0,0
506,Harper,LR,2021-02-17 05:20:15,4.375,-7.7169,78.31,86,95,3.91,light rain,0,0
507,Caconda,AO,2021-02-17 05:20:15,-13.7333,15.0667,58.8,76,58,1.63,broken clouds,0,0
508,Sal Rei,CV,2021-02-17 05:20:15,16.1833,-22.9167,69.57,78,83,11.48,broken clouds,0,0
509,Batagay-Alyta,RU,2021-02-17 05:20:15,67.8006,130.4114,-26.07,82,3,0.22,clear sky,0,0
510,Malanje,AO,2021-02-17 05:20:15,-9.5402,16.341,62.29,98,100,4.81,light rain,0,0
511,Warmbad,NA,2021-02-17 05:20:16,-28.45,18.7333,71.58,28,0,1.79,clear sky,0,0
512,Port Hedland,AU,2021-02-17 05:20:16,-20.3167,118.5667,86.43,66,28,11.45,scattered clouds,0,0
513,Iwanai,JP,2021-02-17 05:20:16,42.9744,140.5089,23.52,95,100,17.25,snow,0,0
514,Saint George,US,2021-02-17 05:20:16,37.1041,-113.5841,45.0,49,1,5.88,clear sky,0,0
515,Rio Grande,BR,2021-02-17 05:18:25,-32.035,-52.0986,66.67,86,0,14.12,clear sky,0,0
516,Synya,RU,2021-02-17 05:20:17,65.3718,58.0387,-32.37,83,98,2.13,overcast clouds,0,0
517,Inta,RU,2021-02-17 05:20:17,66.0317,60.1659,-30.17,84,100,6.69,overcast clouds,0,0
518,Tanem,NO,2021-02-17 05:20:17,63.3078,10.4319,20.84,89,100,12.28,overcast clouds,0,0
519,Rodrigues Alves,BR,2021-02-17 05:20:17,-7.738,-72.6509,73.08,97,100,0.94,overcast clouds,0,0
520,Cabedelo,BR,2021-02-17 05:20:18,-6.9811,-34.8339,78.8,89,40,5.75,scattered clouds,0,0
521,Barberton,ZA,2021-02-17 05:20:18,-25.7884,31.0532,64.4,68,75,8.05,broken clouds,0,0
522,Tarakan,ID,2021-02-17 05:20:18,3.3,117.6333,89.6,58,40,5.75,scattered clouds,0,0
523,Nago,JP,2021-02-17 05:20:18,26.5881,127.9761,55.74,70,100,21.12,overcast clouds,0,0
524,Mindelo,CV,2021-02-17 05:20:18,16.8901,-24.9804,69.51,70,0,13.38,clear sky,0,0
525,Antalaha,MG,2021-02-17 05:20:19,-14.9003,50.2788,83.14,75,16,2.82,few clouds,0,0
526,Kharan,PK,2021-02-17 05:20:19,28.5833,65.4167,67.93,18,0,0.36,clear sky,0,0
527,Naryan-Mar,RU,2021-02-17 05:20:19,67.6713,53.087,-27.87,84,10,4.41,clear sky,0,0
528,Flinders,AU,2021-02-17 05:20:19,-34.5833,150.8552,75.99,60,75,13.8,broken clouds,0,0
529,Krasnoselkup,RU,2021-02-17 05:20:19,65.7,82.4667,-20.45,86,100,10.67,overcast clouds,0,0
530,Necochea,AR,2021-02-17 05:20:19,-38.5473,-58.7368,64.0,94,98,10.36,light rain,0,0
531,Kirensk,RU,2021-02-17 05:20:20,57.7853,108.1119,16.2,95,100,8.32,light snow,0,0
532,Caxito,AO,2021-02-17 05:20:20,-8.5785,13.6643,77.0,83,40,5.75,scattered clouds,0,0
533,Namanyere,TZ,2021-02-17 05:20:20,-7.5167,31.05,62.98,93,100,1.97,light rain,0,0
534,Kanigiri,IN,2021-02-17 05:20:20,15.4,79.5167,82.29,44,0,9.51,clear sky,0,0
535,Coihaique,CL,2021-02-17 05:18:15,-45.5752,-72.0662,47.16,85,83,6.89,broken clouds,0,0
536,Seymchan,RU,2021-02-17 05:20:21,62.8833,152.4333,-14.31,85,100,1.05,overcast clouds,0,0
537,Danville,US,2021-02-17 05:20:21,36.586,-79.395,30.2,59,75,5.75,broken clouds,0,0
538,Noyabrsk,RU,2021-02-17 05:20:21,63.1994,75.4507,-25.56,85,4,9.24,clear sky,0,0
539,Rio Brilhante,BR,2021-02-17 05:20:21,-21.8019,-54.5464,70.61,93,90,5.01,overcast clouds,0,0
540,Bardiyah,LY,2021-02-17 05:20:22,31.7561,25.0865,48.45,62,76,24.45,broken clouds,0,0
541,Bestobe,KZ,2021-02-17 05:20:22,52.4994,73.0975,2.19,91,100,6.67,overcast clouds,0,0
542,The Pas,CA,2021-02-17 05:20:22,53.8251,-101.2541,-7.6,71,1,4.61,clear sky,0,0
543,Laramie,US,2021-02-17 05:16:25,41.3114,-105.5911,15.78,92,76,6.51,broken clouds,0,0
544,Burpengary,AU,2021-02-17 05:20:22,-27.1575,152.9576,77.0,93,60,14.72,broken clouds,0,0
545,San Andres,CO,2021-02-17 05:19:19,12.5847,-81.7006,80.6,83,75,9.22,broken clouds,0,0
546,Tadine,NC,2021-02-17 05:20:23,-21.55,167.8833,85.06,70,28,3.69,scattered clouds,0,0
547,Angoche,MZ,2021-02-17 05:20:23,-16.2325,39.9086,80.92,81,100,13.6,overcast clouds,0,0
548,Kondinskoye,RU,2021-02-17 05:20:23,59.6481,67.41,-13.23,89,100,6.42,overcast clouds,0,0
549,Turukhansk,RU,2021-02-17 05:20:23,65.8167,87.9833,-18.06,85,100,6.55,overcast clouds,0,0
550,Olavarria,AR,2021-02-17 05:20:09,-36.8927,-60.3225,52.05,92,0,6.44,clear sky,0,0
551,Lahij,YE,2021-02-17 05:20:24,13.1667,44.5833,70.03,62,46,6.38,scattered clouds,0,0
552,Leh,IN,2021-02-17 05:20:24,34.1667,77.5833,12.99,61,0,1.7,clear sky,0,0
553,Barranca,PE,2021-02-17 05:20:24,-10.75,-77.7667,70.57,81,90,2.57,overcast clouds,0,0
554,Anadyr,RU,2021-02-17 05:20:24,64.75,177.4833,-20.0,69,0,4.47,clear sky,0,0
555,Lacolle,CA,2021-02-17 05:20:24,45.0834,-73.3659,11.28,93,80,20.56,broken clouds,0,0
556,Carmelo,UY,2021-02-17 05:20:25,-33.9892,-58.2856,65.03,76,16,8.43,few clouds,0,0
557,Sebinkarahisar,TR,2021-02-17 05:20:25,40.2883,38.4236,14.9,96,100,3.18,light snow,0,0
558,Trang,TH,2021-02-17 05:20:25,7.5,99.5,92.7,34,5,7.52,clear sky,0,0
559,Victoria Point,AU,2021-02-17 05:20:25,-27.5833,153.3,79.0,71,67,11.01,light rain,0,0
560,Lompoc,US,2021-02-17 05:15:32,34.6391,-120.4579,50.72,79,0,13.69,clear sky,0,0
561,Nome,US,2021-02-17 05:20:26,64.5011,-165.4064,3.2,60,1,24.16,clear sky,0,0
562,Cherskiy,RU,2021-02-17 05:20:26,68.75,161.3,-24.39,87,0,2.17,clear sky,0,0
563,Bilma,NE,2021-02-17 05:20:26,18.6853,12.9164,46.38,49,0,11.36,clear sky,0,0
564,Iracoubo,GF,2021-02-17 05:20:26,5.4802,-53.2011,75.36,82,30,12.97,scattered clouds,0,0
565,Denpasar,ID,2021-02-17 05:17:57,-8.65,115.2167,87.8,70,20,11.5,few clouds,0,0
566,Alofi,NU,2021-02-17 05:20:27,-19.0595,-169.9187,82.02,67,78,7.36,broken clouds,0,0
567,Bay Roberts,CA,2021-02-17 05:20:27,47.5999,-53.2648,28.85,97,100,15.19,overcast clouds,0,0
568,Suruc,TR,2021-02-17 05:20:27,36.9761,38.425,41.0,100,75,11.5,broken clouds,0,0
569,Saint-Michel-Des-Saints,CA,2021-02-17 05:19:48,46.6834,-73.9159,3.0,91,98,11.3,overcast clouds,0,0
570,Pimenta Bueno,BR,2021-02-17 05:20:27,-11.6725,-61.1936,72.46,95,98,1.61,overcast clouds,0,0
571,South Sioux City,US,2021-02-17 05:20:28,42.4739,-96.4136,0.0,60,90,10.36,overcast clouds,0,0
572,Chimore,BO,2021-02-17 05:20:28,-16.9833,-65.1333,72.54,97,100,2.13,light rain,0,0
573,Fare,PF,2021-02-17 05:20:28,-16.7,-151.0167,81.9,69,16,9.35,few clouds,0,0
574,San Vicente,AR,2021-02-17 05:20:28,-26.6167,-54.1333,59.94,93,0,1.41,clear sky,0,0
575,Haveli,PK,2021-02-17 05:20:28,30.4502,73.6989,75.85,20,0,3.85,clear sky,0,0
576,Flagstaff,US,2021-02-17 05:20:29,35.1981,-111.6513,30.99,63,1,5.75,clear sky,0,0
577,Nemuro,JP,2021-02-17 05:20:29,43.3236,145.575,30.2,40,40,24.16,scattered clouds,0,0
578,Linguere,SN,2021-02-17 05:20:29,15.3953,-15.1193,79.16,17,100,10.31,overcast clouds,0,0
579,Nyurba,RU,2021-02-17 05:20:29,63.2842,118.3319,-12.71,86,0,6.29,clear sky,0,0
580,Ayan,RU,2021-02-17 05:20:29,56.45,138.1667,-0.33,81,85,11.3,overcast clouds,0,0
581,Vestmanna,FO,2021-02-17 05:20:30,62.1564,-7.1664,43.34,90,85,34.65,overcast clouds,0,0
582,Muramatsu,JP,2021-02-17 05:20:30,37.6833,139.1833,33.8,86,75,17.27,snow,0,0
583,Vozhega,RU,2021-02-17 05:20:30,60.4725,40.2213,-12.19,90,97,4.76,overcast clouds,0,0
584,Alyangula,AU,2021-02-17 05:20:30,-13.8483,136.4192,86.0,79,90,5.75,light rain,0,0
585,Tilichiki,RU,2021-02-17 05:20:30,60.4667,166.1,-4.88,89,11,8.52,few clouds,0,0
586,Valparaiso,CL,2021-02-17 05:19:55,-33.0393,-71.6273,57.2,94,75,1.14,broken clouds,0,0
587,Playas,EC,2021-02-17 05:20:31,-2.6333,-80.3833,77.09,78,74,8.63,broken clouds,0,0
588,Ugoofaaru,MV,2021-02-17 05:20:31,5.6667,73.0,81.73,70,97,9.51,overcast clouds,0,0
589,Millbrook,US,2021-02-17 05:20:31,32.4799,-86.3619,29.19,84,0,3.78,clear sky,0,0
590,Zhoucheng,CN,2021-02-17 05:20:31,35.9122,116.3117,37.87,50,0,7.99,clear sky,0,0
591,Egvekinot,RU,2021-02-17 05:20:31,66.3167,-179.1667,-15.97,87,23,13.09,few clouds,0,0
592,Axim,GH,2021-02-17 05:20:32,4.8699,-2.2405,79.45,85,93,7.7,overcast clouds,0,0
593,Hamilton,US,2021-02-17 05:15:45,39.1834,-84.5333,8.6,85,1,6.91,clear sky,0,0
594,Qarayeri,AZ,2021-02-17 05:20:32,40.7886,46.3066,42.73,86,100,16.82,overcast clouds,0,0
595,Hovd,MN,2021-02-17 05:20:32,48.0056,91.6419,27.21,67,9,2.91,clear sky,0,0
596,Iranshahr,IR,2021-02-17 05:16:11,27.2025,60.6848,66.2,19,0,9.22,clear sky,0,0
597,Lons-Le-Saunier,FR,2021-02-17 05:20:33,46.75,5.75,40.19,98,88,4.99,overcast clouds,0,0
598,Xichang,CN,2021-02-17 05:20:33,27.8964,102.2634,48.31,68,98,3.6,overcast clouds,0,0
599,Tsivilsk,RU,2021-02-17 05:20:33,55.8611,47.4664,-9.4,77,0,8.95,clear sky,0,0
600,Boddam,GB,2021-02-17 05:17:14,57.4667,-1.7833,41.0,93,90,5.75,overcast clouds,0,0
601,Sao Felix Do Xingu,BR,2021-02-17 05:15:38,-6.6447,-51.995,72.05,96,100,1.92,overcast clouds,0,0
602,Elat,IL,2021-02-17 05:20:33,29.5581,34.9482,51.8,58,40,6.91,scattered clouds,0,0
603,Bhola,BD,2021-02-17 05:20:34,22.6833,90.65,79.18,34,0,4.85,clear sky,0,0
604,Golaghat,IN,2021-02-17 05:20:34,26.5167,93.9667,78.35,38,19,7.85,few clouds,0,0
605,Pangai,TO,2021-02-17 05:20:34,-19.8,-174.35,84.2,74,20,4.61,few clouds,0,0
606,Panguipulli,CL,2021-02-17 05:20:34,-39.6333,-72.3333,45.54,88,0,1.48,clear sky,0,0
607,Seoul,KR,2021-02-17 05:16:10,37.5683,126.9778,23.0,28,20,23.02,few clouds,0,0
608,Chippewa Falls,US,2021-02-17 05:16:35,44.9369,-91.3929,-0.99,70,1,1.39,clear sky,0,0
609,Port Hardy,CA,2021-02-17 05:20:35,50.6996,-127.4199,42.8,81,20,8.05,few clouds,0,0
610,Kupino,RU,2021-02-17 05:20:35,54.3663,77.2981,0.55,93,100,10.38,overcast clouds,0,0
611,Palmer,US,2021-02-17 05:20:35,42.1584,-72.3287,28.4,54,1,19.57,clear sky,0,0
612,Plettenberg Bay,ZA,2021-02-17 05:20:35,-34.0527,23.3716,62.85,66,0,4.68,clear sky,0,0
613,Kozhva,RU,2021-02-17 05:20:35,65.1073,57.0459,-33.74,83,100,2.77,overcast clouds,0,0
614,Lyuban,BY,2021-02-17 05:20:36,52.7985,28.0048,7.72,95,96,4.5,overcast clouds,0,0
615,Gat,IL,2021-02-17 05:20:36,31.61,34.7642,46.0,100,83,4.0,broken clouds,0,0
616,Obihiro,JP,2021-02-17 05:20:36,42.9172,143.2044,28.4,40,75,11.5,broken clouds,0,0
617,Antigonish,CA,2021-02-17 05:20:36,45.6169,-61.9986,44.46,96,100,15.61,overcast clouds,0,0
618,Lichinga,MZ,2021-02-17 05:20:36,-13.3128,35.2406,66.2,94,75,8.05,broken clouds,0,0
619,Taitung,TW,2021-02-17 05:20:37,22.7583,121.1444,69.8,64,75,12.66,broken clouds,0,0
620,Yumen,CN,2021-02-17 05:20:37,40.2833,97.2,44.69,48,0,15.37,clear sky,0,0
621,San Marcos,US,2021-02-17 05:20:37,33.1434,-117.1661,50.34,83,7,2.95,clear sky,0,0
622,Upata,VE,2021-02-17 05:20:37,8.0086,-62.3989,66.49,93,2,3.76,clear sky,0,0
623,Yurino,RU,2021-02-17 05:20:37,56.2942,46.3039,-9.4,77,0,8.95,clear sky,0,0
624,Huntsville,US,2021-02-17 05:18:02,34.7304,-86.5861,18.0,86,20,6.91,few clouds,0,0
625,Batesville,US,2021-02-17 05:20:38,35.7698,-91.641,12.42,94,100,5.12,overcast clouds,0,0
626,Sao Gabriel Da Cachoeira,BR,2021-02-17 05:20:38,-0.1303,-67.0892,74.91,90,100,0.74,overcast clouds,0,0
627,Usinsk,RU,2021-02-17 05:20:38,65.9939,57.5281,-31.92,84,90,4.41,overcast clouds,0,0
628,Kaputa,ZM,2021-02-17 05:20:38,-8.4689,29.6619,69.57,80,100,1.45,overcast clouds,0,0
629,Baykit,RU,2021-02-17 05:20:38,61.67,96.37,1.44,87,84,2.08,broken clouds,0,0
630,Hamada,JP,2021-02-17 05:20:38,34.8833,132.0833,30.47,92,100,31.65,light snow,0,0
631,Sharya,RU,2021-02-17 05:20:39,58.3686,45.5144,-3.55,92,100,4.52,overcast clouds,0,0
632,Lucapa,AO,2021-02-17 05:20:39,-8.4192,20.7447,67.23,96,100,2.86,overcast clouds,0,0
633,Innisfail,AU,2021-02-17 05:20:39,-17.5333,146.0333,80.01,86,97,8.63,overcast clouds,0,0
634,Pueblo Nuevo,MX,2021-02-17 05:20:39,23.3833,-105.3833,43.02,100,72,2.26,broken clouds,0,0
635,Bouar,CF,2021-02-17 05:20:39,5.934,15.596,68.99,19,82,13.44,broken clouds,0,0
636,Kovdor,RU,2021-02-17 05:20:40,67.5662,30.4758,-6.48,91,60,3.83,broken clouds,0,0
637,Nizhniy Tsasuchey,RU,2021-02-17 05:20:40,50.5167,115.1333,2.64,80,94,5.75,overcast clouds,0,0
638,Fernie,CA,2021-02-17 05:20:40,49.5,-115.0687,16.38,91,100,1.21,overcast clouds,0,0
639,Kimbe,PG,2021-02-17 05:20:40,-5.5502,150.1429,80.65,82,100,3.44,moderate rain,0,0
640,La Ronge,CA,2021-02-17 05:20:40,55.1001,-105.2842,-3.96,89,100,4.76,overcast clouds,0,0
641,Eyl,SO,2021-02-17 05:20:41,7.9803,49.8164,76.46,69,57,13.09,broken clouds,0,0
642,Caceres,ES,2021-02-17 05:20:41,39.522,-6.3748,48.99,92,99,2.19,overcast clouds,0,0
643,Ekuvukeni,ZA,2021-02-17 05:20:41,-28.4675,30.1551,54.27,82,34,0.85,scattered clouds,0,0
644,Khipro,PK,2021-02-17 05:20:41,25.8285,69.3772,80.89,14,0,5.08,clear sky,0,0
645,Ilhabela,BR,2021-02-17 05:16:15,-23.7781,-45.3581,75.7,76,0,5.08,clear sky,0,0
646,Sibolga,ID,2021-02-17 05:17:25,1.7427,98.7792,89.19,50,17,5.7,few clouds,0,0
647,Llangefni,GB,2021-02-17 05:20:41,53.2556,-4.3106,46.92,83,92,22.17,overcast clouds,0,0
648,Vanavara,RU,2021-02-17 05:20:42,60.34,102.2797,9.21,94,100,5.46,overcast clouds,0,0
649,Areosa,PT,2021-02-17 05:20:42,41.7178,-8.8571,50.47,89,100,8.7,overcast clouds,0,0
650,Matamoros,MX,2021-02-17 05:20:42,25.5333,-103.25,65.86,27,9,18.61,clear sky,0,0
651,Mangrol,IN,2021-02-17 05:20:42,21.1167,70.1167,78.42,40,0,11.68,clear sky,0,0
652,Zhezkazgan,KZ,2021-02-17 05:20:42,47.8043,67.7144,27.9,98,99,7.65,overcast clouds,0,0
653,Miandrivazo,MG,2021-02-17 05:16:28,-19.5167,45.4667,79.57,75,100,3.06,overcast clouds,0,0
654,Stephenville,US,2021-02-17 05:20:43,32.2207,-98.2023,17.6,79,90,6.91,light snow,0,0
655,Cosmesti,RO,2021-02-17 05:20:43,45.8702,27.3112,20.97,89,2,8.39,clear sky,0,0
656,Bonavista,CA,2021-02-17 05:20:43,48.6499,-53.1147,25.93,98,100,19.55,snow,0,0
657,Kinablangan,PH,2021-02-17 05:20:43,7.6947,126.5503,84.42,57,100,10.36,overcast clouds,0,0
658,Mae Sai,TH,2021-02-17 05:20:44,20.4335,99.8762,84.99,61,0,5.75,clear sky,0,0
659,Bowen,AU,2021-02-17 05:20:44,-20.0167,148.2333,86.0,58,17,18.41,few clouds,0,0
660,Nenjiang,CN,2021-02-17 05:20:44,49.1833,125.2167,10.31,88,100,19.19,overcast clouds,0,0
661,Muravlenko,RU,2021-02-17 05:20:44,63.7898,74.523,-24.57,86,66,11.86,broken clouds,0,0
662,Kokopo,PG,2021-02-17 05:20:44,-4.352,152.2633,84.34,71,98,12.5,overcast clouds,0,0
663,Vanimo,PG,2021-02-17 05:20:44,-2.6741,141.3028,83.39,79,100,5.84,moderate rain,0,0
664,Nautla,MX,2021-02-17 05:20:45,20.2167,-96.7833,60.01,88,73,2.01,broken clouds,0,0
665,Khandbari,NP,2021-02-17 05:20:45,27.3747,87.2039,70.77,25,0,3.13,clear sky,0,0
666,Aswan,EG,2021-02-17 05:20:45,24.0934,32.907,49.91,50,100,17.9,overcast clouds,0,0
667,Tynda,RU,2021-02-17 05:20:45,55.1667,124.7167,-6.95,85,0,3.31,clear sky,0,0
668,Lima,PE,2021-02-17 05:20:05,-12.0432,-77.0282,73.0,88,0,6.91,clear sky,0,0
669,Mahajanga,MG,2021-02-17 05:20:45,-15.7167,46.3167,84.2,84,20,8.05,few clouds,0,0
670,Maun,BW,2021-02-17 05:20:46,-19.9833,23.4167,68.0,100,40,5.75,scattered clouds,0,0
671,San Miguel,SV,2021-02-17 05:20:46,13.4833,-88.1833,74.7,79,66,0.96,broken clouds,0,0
672,Murdochville,CA,2021-02-17 05:20:46,48.9583,-65.5006,11.23,97,100,7.63,snow,0,0
673,Petrovsk-Zabaykalskiy,RU,2021-02-17 05:20:46,51.273,108.843,13.26,90,73,4.85,broken clouds,0,0
674,Nizhnevartovsk,RU,2021-02-17 05:20:46,60.9344,76.5531,-18.13,87,69,9.78,broken clouds,0,0
675,Bende,NG,2021-02-17 05:20:46,5.5572,7.6368,74.66,90,76,2.8,broken clouds,0,0
676,Kungurtug,RU,2021-02-17 05:20:47,50.5994,97.5228,27.63,88,8,0.4,clear sky,0,0
677,Vokhtoga,RU,2021-02-17 05:20:47,58.8147,41.0461,-1.44,93,96,3.58,overcast clouds,0,0
678,El Rosario,MX,2021-02-17 05:20:47,24.2556,-107.1828,64.4,72,1,2.73,clear sky,0,0
679,Lalmohan,BD,2021-02-17 05:20:47,22.3384,90.7419,79.43,37,0,6.04,clear sky,0,0
680,Gardez,AF,2021-02-17 05:20:47,33.5974,69.2259,42.73,44,0,2.21,clear sky,0,0
681,Manavgat,TR,2021-02-17 05:20:48,36.7867,31.4431,39.2,33,40,17.27,scattered clouds,0,0
682,Jiblah,YE,2021-02-17 05:20:48,13.9216,44.1467,64.67,27,40,5.48,scattered clouds,0,0
683,Fez,MA,2021-02-17 05:20:48,34.0372,-4.9998,52.0,67,82,1.77,broken clouds,0,0
684,Marrakesh,MA,2021-02-17 05:19:58,31.6315,-8.0083,54.55,67,15,1.1,few clouds,0,0
